,0
0,"국회 문체위 의원 등 울산 방문…""국비 지원 증액 필요"""
1,"""한글 사랑 정신 우리 손으로 이어가요…."""
2,"연이은 연휴에 관광시설 활기…""방심 말아야"""
3,"""100% 손실보상, 영업제한 철폐해야""…촛불집회도 검토"
4,"""장거리·단체여행 5주간 자제""…단풍철 국립공원 임시검사소 설치"
5,"""올해 마지막 연휴"" 여행객 '북적'...""이번 고비 넘겨야 일상회복"""
6,"""13살 아들 울면서 심폐소생술… 화이자 접종한 아내, 3일 만에 사망"""
7,"최태원 대한상의 회장 ""'2030 NDC' 8년밖에 안 남아 현실 가능성 우려"""
8,"2차 컷오프 순위에 윤석열측 ""4%p 앞서"" 홍준표 ""가짜뉴스""(종합)"
9,"""문체위 소속 의원들, ‘이건희 컬렉션’ 특혜 관람"" 논란"
10,"문 대통령 ""체육인 '원팀 코리아', 국민에게 자신감"""
11,"""돈은 내일 줄게요"" 새벽 2시 주문한 손님의 황당 문자"
12,"이재명 ""우중농성하는 이준석·김기현, 제 발등 찍는 헛고생 계속해 달라"""
13,"""사람 써서 너 XX버릴꺼야""…이다영, 학폭 이어 '가정폭력'까지?"
14,"이다영, 이번엔 가정폭력?…남편 ""상습 폭언·폭행 당해 정신과 치료 중"""
15,"선관위 국감도 대장동 공방...""곽상도 대가성"" vs ""권순일 농단"""
16,"'대장동 의혹' 천화동인 1호 이한성, 10시간 조사끝 귀가 ""열심히 받았다"""
17,"3년 전 이다영 남편 인스타엔… ""성지순례 왔다"" 네티즌 모인 이유"
18,"이낙연 ""대장동이란 비싼 사이다값 내고 있다"""
19,"이재명 ""손실보상 80% 최선인가...더 확대해야"""
20,"황교안 ""2차 컷오프 결과도 잘못돼...후보별 득표율 조작"""
21,"""가석방 취소, 구속 가능성""…전자발찌 끊고 도주한 부산 60대 검거"
22,"""러시아·북한·이란보다 더 신경쓰이네""…中 전담팀 신설한 美 CIA"
23,"손가락 욕 논란 '故 최진실 아들' 지플랫 ""행동 주의할 것"""
24,"MS ""암호 화폐노린 北 사이버 공격 지난해 급증"""
25,"울산 앞바다서 7.6m 밍크고래 잡혀...""1억 원대 팔려"""
26,"이낙연 ""우리는 대장동이라는 비싼 사이다값을 내고 있다"""
27,"""사실 기반 저널리즘, 권위주의 폭로·민주주의 보호"""
28,"洪, 尹 겨냥 ""카톡방 2차 경선 결과 모두 가짜...좀 당당하게 하라"""
29,"[경제인칼럼] ""나 때와 라떼"""
30,"아프간 쿤두즈 모스크서 기도중 ‘쾅’…""자폭 테러로 최소 50명 사망"""
31,"이다영, 학폭 이어 가정폭력 논란…남편 ""2018년 결혼, 폭언으로 고통"" 주장"
32,"""문재인 대통령의 모범사형수 특별사면을 촉구한다"""
33,"이재명 ""방역조치 손실보상 80%가 최선인가…아쉽다"""
34,"이낙연 ""수십년 알았던 민주당 낯설어...文대통령도 속상해할 것"""
35,"""美특수부대, 대만서 비밀 훈련"" 보도에…中 ""영토 침해"" 반발"
36,"킨타나 ""北제재 완화해야""…국무부 ""北 열악한 상황은 정권탓"""
37,"이다영 비밀결혼?...남편 ""상습적 폭언·폭행에 정신과 다닌다"""
38,"‘천막 투쟁’하는 野 ""검찰, 왜 성남시청 압수수색 않나"""
39,"안랩, 네이버·카카오 클라우드 보안도 챙긴다…""MSP 시장 순항"""
40,"대리운전업체 ""대리운전업도 골목상권, 카카오 철수해야"""
41,"日 기시다 총리 ""한국은 중요한 이웃""...해법은 또 한국에"
42,"文 ""체육인 정직한 땀, 국민들에 용기…마음껏 운동할 날, 앞당길 것"""
43,"김웅 ""조성은 통화 기억 안 나...검찰 밑밥 뿌리기식 누설"""
44,"임신 중단약 국내 도입 빨라질까…식약처 ""가교임상 면제 검토"""
45,"""父가 망치 들고…"" 박수홍 형제 갈등 29일 첫 재판"
46,"""성남시의장 30억, 실탄은 350억""...11일 김만배 소환"
47,"'컷오프' 최재형에…정청래 ""다신 정치권 기웃거리지 말라"""
48,"공군 중사 성추행 가해자에 징역 15년 구형...""엄정 처벌 불가피"""
49,"막판까지 갈등...'이재명 구속' 발언 수습에도 ""정치적 책임져야"""
50,"""안 참겠다"" 최성봉 '거짓 암투병' 의혹에 진단서 공개"
51,"이다영, 2018년 결혼…남편 ""상습 폭언당해 정신과 치료"""
52,"비대면 가을축제 풍성…""온라인으로 만나요"""
53,"전국체전 개막…""코로나로 축소됐지만 최선 다할 것"""
54,"학교 도서관 개방 조례, ""시기·정서 역행"" 논란"
55,"美 5∼11세도 곧 백신 접종...바이든 ""백신이 경제 살려"""
56,"이재명-윤석열 옷사진 비교 여진…洪측 ""가난까지 활용?"""
57,"기업들 ""40% 감축 불가능… 한국 경제에 심각한 타격"""
58,"‘김건희 연루’ 도이치모터스 주가조작 관련자 추가 구속…""범죄혐의 소명"""
59,"윤석열 ""與, 정상적 정권 아냐""…홍준표 ""내가 이재명 대항마"""
60,"폭행 만취녀 이번엔 ""3,000만원 드릴게""…피해자 ""직접 벌면 된다"""
61,"""한글 아름다움 재해석""…‘충북대직지체’ 무료 배포"
62,"미국 대학에 울려 퍼진 한국어…""무궁화 꽃이 피었습니다"" [영상]"
63,"秋 ""개혁 앞 정무적 판단 말은 尹이 믿는 무당 같은 것"""
64,"남친에 맞은 뒤 숨진 20대 여성 사건… 靑 ""데이트 폭력 가해자, 상응한 처벌토록 최선"""
65,"유승민 경남 방문…""최종 경선 포함, 끝까지 최선"""
66,"마산로봇랜드 소송 장기화 불가피…""2단계 표류"""
67,"경남교육청 ""학교폭력 교육 강화 대책 마련"""
68,"김 총리 ""단계적 일상회복 대비… 재택치료 확대"""
69,"한의학연 개원 27주년… 이진용 원장 ""한의학 개척자 역할 수행"""
70,"이낙연, ""수십년 알았던 민주당이 낯설어…대통령도 속상해 할 것"""
71,"변희수 기리며…주한 대사들 ""진정한 자신 돼야 능력 발휘"""
72,"""금으로 현금화해줄게…"" 28억 가로챈 사기범 검거"
73,"""4·3 국가 손해배상 1심 판결 불복 항소"""
74,"""정부 4·3 배·보상안 수용""…개정 ‘청신호’"
75,"10월 10일은 ‘빵빵데이’…""천안으로 오세요"""
76,"""농진청, 장점마을 사태 비료공장 점검 ‘부실’"""
77,"'80%보상 반대' 이재명 ""정부 예산 어려움 있겠지만… 전폭적인 대책 필요"""
78,"티맥스오피스, 투오피스3 서버 한글확장형 출시…""웹에서 HWP 편집"""
79,"김영록 전남지사 ""담양, 인문 생태관광 중심지로"""
80,"'50억원 퇴직금' 곽상도 아들, 경기남부청 소환조사… ""성과급 성실히 답변"""
81,"""개발자금 대줄게""… 땅주인들 속여 대출금 28억 꿀꺽한 40대"
82,"정부 ""10월 물가 더 오를 것"""
83,"조성은 ""김웅과 통화에서 '윤석열 언급' 있는지 한꺼번에 공개할 생각"""
84,"""전북은행 5년 간 금융사고 16억 피해…내부통제 ‘미흡’"""
85,"전주KCC ""팬들에게 재미있는 경기 펼칠 터"""
86,"[기상장비 부실 관리]⑧ 기상청 국감, ""무분별한 AWS 설치…관리는 허술"""
87,"정신 이상한 척 만지고 ""보여줄까"" 성희롱…간호사들 고통 호소"
88,"""행락철 감염 확산 주의""…부산, 학생 확진자 증가세 우려"
89,"""식량‧곡물 자급률 하락…농진청, 성과 없이 역할 미흡"""
90,"곧 벼 수확인데 병충해 확산…""건질 게 없다"" 논 갈아엎어"
91,"노벨평화상에 필리핀·러시아 언론인…""표현의자유 수호"""
92,"이재명 ""가짜 분양원가"" vs 오세훈 ""대장동 원가 공개하라"""
93,"부산에서 먼저 관객 만난 연상호의 '지옥'…유아인 ""도발적 제목에 끌렸다"""
94,"이재명 ""소상공인·자영업자 손실보상 80%, 대폭 강화해야"""
95,"곧 벼 수확인데 병충해 확산…""건질 게 없다"" 논 갈아엎어"
96,"獨 메르켈 ""차기정부 4년 전보다 빨리 출범할 것""…연정 협상 속도"
97,"검찰, 美 출국 ‘대장동 키맨’ 남욱 여권무효 요청…외교부 ""검토 중"""
98,"아프간 시아파 모스크서 예배 중 테러…""최소 100명 사상"""
99,"국감 출석 류긍선 카카오모빌리티 대표 ""동반성장 계획 한달내 제출"""
100,"'김건희 도이치모터스 주가조작' 의혹 관련자 추가 구속…""범죄혐의 소명"""
101,"""100% 손실보상, 영업제한 철폐해야""…촛불집회도 검토"
102,"""외국인들 방역수칙 이해 못해""…불금 ‘홍익 어벤져스’가 뜬다"
103,"얽히고설킨 ‘코트의 먹이사슬’…""챔프를 향해"" 막 오르는 대장정"
104,"""당신의 진정한 팬""…학생에 응답한 'MB 옥중편지' 눈길"
105,"'오징어 게임' 체육복 원조라는 중국에…박준형 ""난 2013년"""
106,"모더나 접종간격 4주로 단축…""먹는 치료제, 신속하게 검증 뒤 승인"""
107,"민주당 이수진 ""엘시티 재수사 필요…대장동 개발이 대단"""
108,"""경선 부정"" 황교안에…""부정선거당 만들라"" 누리꾼 조소"
109,"尹 ""압도적 승리"" 洪 ""가짜뉴스 퍼트리나""…경선 순위 신경전"
110,"""문의 전화 20분 넘게 기다려요!""…재택치료 아직 준비 부족, 환자도 의료진도 ‘불안’"
111,"이재명 ""손실보상 80% 아쉬운 결정…더 확대해야"""
112,"""제3연륙교 본격화...지역 건설사 참여 확대"""
113,"조국도 '나비넥타이' 어린시절 소환…""이재명, 조국 싫어하나봄"""
114,"""장거리·단체여행 5주간 자제""…단풍철 국립공원 임시검사소 설치"
115,"""'백조의 호수' 남양주 다산아트홀 무대 올랐다"""
116,"""친형과 갈등에 父 망치들어""…박수홍, 29일 첫 재판 열린다"
117,"""표현의 자유 옹호""..노벨평화상, 필리핀·러시아 언론인이 받았다"
118,"기시다 일 총리 ""한국에 적절한 대응 강하게 촉구할 것"""
119,"[단독] ""‘천화동인 7호’ 120억 배당 배 모 씨, 2009년부터 대장동 관여"""
120,"여수 고3 실습생 사망 대책위 ""안전관리 허술…예견된 죽음으로 내몰린 것"""
121,"최정윤, 파경 소식 이후 공개한 첫 근황…""내 편, 동반자"""
122,"""올해 마지막 연휴"" 여행객 '북적'...""이번 고비 넘겨야 일상회복"""
123,"""백신 맞아야 출전 가능"" 세계 미인대회 포기한 미스 네덜란드"
124,"""윤미향이 그럼 국민의힘이냐?"" '의원직 박탈' 요구에 민주당 ""우리 당 소속 아님"""
125,"'벤투호 살린 극장골' 손흥민 ""진짜 살살 찼어요"""
126,"정민용 구제신청서에 ""1800억 벌어주고 이재명 무죄 공헌"""
127,"오징어 게임 열풍...""무궁화 꽃이~~"" 알아듣고 멈춘 외국인들"
128,"전주혜 ""경찰은 바로 찾은 유동규 폰, 검찰은 찾을 의지 없었나"""
129,"'에어본' 전희철 감독…""덩크군단 기대하세요"""
130,"푸틴에 맞선 언론인 노벨상 수상에 크렘린 ""용기있는 사람""... 필리핀은 침묵"
131,"아프간 난민 출신 의사…""소녀에게 꿈과 용기를"""
132,"부산서 또…60대 남성 전자발찌 끊고 도주 ""경찰 추적 중"""
133,"모더나 접종 간격 4주로 단축…""9일부터 변경 가능"""
134,"""김건희 논문 재조사하라""…국민대 총장 고발"
135,"여, '윤석열 고발사주' 공세…김웅 ""대장동 은폐용"""
136,"""군의 변론 자체가 변희수 하사 향한 거대한 2차 가해였다"""
137,"당시 이재명 시장 ""자본금 늘려달라"" 사업 추진 '열의'"
138,"""창문 닫혀 있었다""던 검찰, 경찰이 유동규 휴대전화 찾자 ""송구스럽다"""
139,"‘사과 생각 없다’던 20대 만취 폭행녀 ""3000만원 드릴까 한다"""
140,"쓰레기더미 집안에 개 60여 마리 방임…""동물학대 고발"""
141,"홍준표 측, 이재명-윤석열 옷 사진 비교에 ""가난이 스펙이냐"""
142,"""일본해가 유일한 명칭""…""사실과 달라"""
143,"한국인 암 사망률 2위 ‘간암’…""술만 줄이면 되는 줄 알았는데"""
144,"이재명 측 ""화천대유 아닌 ‘국힘대유’…자살골 퍼레이드 중단하라"""
145,"""구명줄 걸리적 거려""‥'인재'로 드러난 20대 유리청소 추락사"
146,"석탄·천연가스 다 폭등‥""에너지 위기로 끔찍한 겨울"""
147,"""하늘에 구멍이 뚫렸다""‥美 330mm 기습폭우로 4명 사망"
148,"2030년 온실가스 감축 40%로‥""기업에 12조 원 지원"""
149,"""수영 못하는데 납벨트 차고 잠수""‥현장실습 고교생 또 사망"
150,"단풍놀이 전세버스에서 춤추면‥""버스회사 영업정지"""
151,"손실보상법 첫 보상 기준‥""손해의 80%, 최대 1억 원"""
152,"70세 미만 무증상·경증 재택치료‥""동거가족 외출 금지"""
153,"심석희 동료 향해 ""난 중국 응원, 금메달 창피"" 논란 문자 속 '브래드 버리' 누구?"
154,"[뉴있저] 장례식장에 배달 음식 시켰는데...""편지와 돈봉투가 왔습니다"""
155,"윤미향 '제명요구' 이어지는데… 與 ""우리당 아니다"" 선긋기"
156,"'위드 코로나'의 선결 조건…""사회적 합의 중요"""
157,"유동규 폰, 경찰은 바로 찾아냈다…""檢 수사의지 있나"" 비판"
158,"2차 컷오프 탈락 황교안 ""당 경선 부정선거…득표율 조작됐다"""
159,"""젊은층·수도권 당원 잡아라""…국힘 본경선 승부처 '신규 당원 표심'"
160,"[뉴있저] 사흘째 2천 명대 확진...""단계적 일상회복 11월9일부터 가능"""
161,"""진실 밝혀라"" 국민의힘, ‘대장동 특검’ 촉구 천막투쟁 시작"
162,"경찰이 확보한 유동규 휴대전화…체면 구긴 검찰 ""수사팀 불찰 송구"""
163,"이재명 측 ""윤석열 천공스승 조언 경악…김건희 모녀 무속인 사랑"""
164,"""아마겟돈 미션?""…내달 소행성 궤도 바꿀 충돌우주선 시험 발사"
165,"백신 맞고 숨진 20대…""혈전 유발 위험성 크다"""
166,"황교안 ""점은 종교 아니다…윤석열 전도 생각해 보겠다"""
167,"GS건설, ‘동해자이’ 분양 돌입… ""디자인부터 설계까지 상품성 차별화"""
168,"이재명, 유동규와 선긋기…""화천대유 배당 중단-부당이득 환수하라"""
169,"소상공인 손실 80% 보상…""100% 보상하라"""
170,"심석희, ""병X"" 욕설·비하에 승부조작 의혹까지…일파만파"
171,"막판까지 '대장동' 공방…투표율 급등에 ""내가 유리"""
172,"日 기시다 총리, 시진핑 주석과 통화...""새로운 양국 관계 필요"""
173,"노벨평화상, 저널리스트 2명에 돌아갔다…""표현의 자유, 평화·민주주의 전제조건"""
174,"경기도 ""배당 중단 · 부당 이득 환수하라"""
175,"[뉴있저] 청소년 백신 예약 사흘째...정부 ""학생 확진 증가에 접종 권고"""
176,"녹취록에 ""성남시의회에 금품로비""…사실관계 조사"
177,"황교안 컷오프에 민경욱 ""선관위가 경선 장악…부정선거 규탄"""
178,"[단독] ""남욱, 새 사무실 물색하더니…추석 직전 미국으로"""
179,"배우 한지우 ""자존감 없어지는 기분""…무슨 일?"
180,"[BIFF] '지옥' 유아인 ""도발적인 제목에 끌려 출연 결심"""
181,"경기도, '배당 중단' 성남시에 권고‥""청렴 서약 위반"""
182,"녹취록에도 김웅 ""기억 안 나""‥""상세 지시하고도 거짓말"""
183,"여 ""국민의힘 세력 돈 받아 ""‥야, '특검 수용' 천막 농성"
184,"산다라박 ""서은광 점점 잘생겨진다"" 폭풍 칭찬#아이돌리그"
185,"文대통령 ""체육인, 마음껏 운동할 날 앞당기겠다"""
186,"[뉴있저] 김건희, 표절 논란에 근무 이력도 허위?...尹 ""결혼 전의 일"""
187,"""화장실에 수상한 사람"" 대학교 여자 화장실 몰카 20대男 '덜미'"
188,"86년만에 언론인이 노벨평화상 수상…""표현의 자유 수호한 공로"""
189,"[생생경제] ""수소 충전소 안전, 한국가스안전공사가 책임집니다"""
190,"하남시의회 민주당 소속 의원 5인, 이재명 지지선언 ""입증된 후보 능력 보여왔다"""
191,"이재명 측 ""이준석표 장외투쟁은 시작 전부터 실패"""
192,"[2021 국감] 홍원식 남양 회장, 임신포기각서 논란에 ""그런 일 없었다"""
193,"안철수 ""출마여부, 당 대선기획단 결정에 따를 것"""
194,"양경숙 ""써브웨이, 가맹점에 갑질 논란…광고비 강제 징수하며 사용은 ‘불투명’"""
195,"공군 중사 성추행 가해자에 징역 15년 구형...""엄정 처벌 불가피"""
196,"[정면승부] 원희룡 ""모범생 아닌 강력한 공격수란 거 보여줄 것"""
197,"조진웅 ""관객 있는 개막식 눈물 났다…팬데믹 딛고 세계적 영화제로 발돋움"""
198,"터키 견제, 그리스-프랑스 '군사적 밀월' 가시화…""분쟁시 군사적 원조 명문화"""
199,"국세청장 칼 뽑았다…""내부적 의견은 '세정협의회 폐지'"""
200,"경남은행, 내부감사 ‘0’건…""내부통제 미작동"""
201,"경남교육청 ""학교폭력 교육 강화 대책 마련"""
202,"마산로봇랜드 소송 장기화 불가피…""2단계 표류"""
203,"유승민 경남 방문…""최종 경선 포함, 끝까지 최선"""
204,"김강립 ""임신 중단약 '미프지미소', 임상시험 면제 검토"""
205,"권영세 의원 ""서울시 특별조정교부금 총 8억5000만원 확보"""
206,"""종자산업 무역적자 해마다 증가…종자기업 지원해야"""
207,"곧 벼 수확인데 병충해 확산…""건질 게 없다"" 논 갈아엎어"
208,"""후보 연내 단일화 불법 소지"" vs ""선관위 확인"""
209,"홍원식 남양유업 회장, 임신포기각서 의혹에 ""전혀 아니다"""
210,"""행락철 감염 확산 주의""…부산, 학생 확진자 증가세 우려"
211,"안철수 ""당 대선기획단 논의 결과 따라 출마여부 결정"""
212,"한국필립모리스, 부산국제영화제서 베이핑룸·스모킹룸 운영… ""모두를 위한 배려"""
213,"""변희수 하사 쫓아낸 육군과 그 책임자 정부는 참회를, 국회는 차별금지법 제정을""…조계종 사회노동위 성명"
214,"‘불가리스 허위 정보’ ‘육아휴직자 부당 인사’ 질타에… 홍원식 남양유업 회장 ""몰라요"" 연발"
215,"""표현의 자유 수호""…노벨평화상, 필리핀·러시아 언론인에게"
216,"""금으로 현금화해 줄게…"" 28억 가로챈 사기범 검거"
217,"4·3유족회 ""정부 배·보상안 대승적 차원 수용"""
218,"감염 장기화…""거주시설 생활자 일상 회복 도와야"""
219,"4·3도민연대 ""국가배상 1심 판결 불복 항소"""
220,"푸틴 맞선 언론인 노벨평화상…""개인 아닌 숨진 기자들의 영예"""
221,"""항해보조라 했는데…"" 현장실습 고교생 잠수작업하다 숨져"
222,"안철수 ""대선기획단 결정에 따라 출마 결정..야권연대 열려있다"""
223,"경찰, '50억 원 퇴직금' 곽상도 아들 소환...""성과급 관련 성실히 조사"""
224,"""北 남침 때 미군 지원 지지"" 미국인 63% 응답… 5%P 늘어"
225,"""유동규 창문 열린 적 없다""던 檢, 경찰이 폰 찾자 ""송구""…몰랐나 뭉갰나?"
226,"황교안 ""당 경선도 부정선거 있었다, 후보별 투표율 조작"" 주장"
227,"""반드시 정권교체""…원희룡·유승민·윤석열·홍준표, 국힘 ‘4강’ 확정(종합)"
228,"정부 ""10월 물가 더 오를 것"""
229,"""모든 시·군 주민에 재난지원금 지급하라"""
230,"조니워커, ‘킵워킹’ 신규 글로벌 캠페인 전개… ""전 세계 인류 응원 프로젝트"""
231,"""서울대 급식 노동자, 10명 중 8명이 근골격계 질환"""
232,"""일자리 늘리자""… 울산 25개 기관 동참"
233,"노벨평화상에 독재에 저항한 필리핀·러시아 언론인…""표현의 자유 수호""(종합)"
234,"홍준표 ""카톡방 경선 순위는 가짜 뉴스, 민심 현혹 측은해"""
235,"‘술자리 적발’ 최진혁, 직접 사과…""제 불찰 면목 없다"""
236,"윤석열 ""본경선 진출, 당원들 압도적 지지 덕분"""
237,"홍준표 ""尹 지지, 내게 갈아타...흠 있는 후보 안 돼"""
238,"[단독] ""‘천화동인 7호’ 120억 배당 배 모 씨, 2009년부터 대장동 관여"""
239,"검찰 ""수사팀 불찰 송구...경찰 분석에 적극 협력"""
240,"북한군 피격 공무원 유족 ""직접 챙기겠다는 대통령 약속 잊었나"""
241,"""소름돋았어"" ""연기 쩔더라""…심석희, 최민정·김아랑 뒷담화 논란"
242,"국감 나온 남양유업 회장 ""바지사장"" 질타에 ""몰랐다"""
243,"""100% 손실보상, 영업제한 철폐해야""…촛불집회도 검토"
244,"온실가스 감축목표 40%로 상향…산업계선 ""불가능"" 반발"
245,"오세훈, 이재명과 또 설전…""쓸데없는 자랑 말고 대장동 아파트 원가나 공개하라"""
246,"日 기시다 총리 ""한국은 중요한 이웃""...해법은 또 한국에"
247,"[날씨] 10월 9일(토) ""곳에 따라 비"""
248,"자영업자 10.20 '총궐기' 예고...""인원·시간 제한 철폐"""
249,"카카오모빌리티 ""스마트호출 이어 프로멤버십도 폐지 검토"""
250,"[2021 국감]카카오모빌리티 ""프로멤버십 폐지 검토…추가 상생안 마련"""
251,"2차 컷오프 탈락한 황교안 ""당 대선 경선도 부정선거"""
252,"[BIFF]‘엉뚱 발랄’ 매력 전종서 ""데뷔 전 영화관 결제만 한 달에 60만 원"""
253,"카카오모빌리티 ""프로멤버십도 폐지 검토...상생안 한달내 마련"""
254,"원희룡 ""정청래, 최재형 조롱… 본인 정치 막장극이나 끝내라"""
255,"걸그룹 ‘원더걸스’ 혜림, 엄마 된다…""태명은 사랑이"""
256,"기시다 ""건전한 관계 위해 韓에 적절한 대응 요구"""
257,"野 ""이재명, 재판거래 의혹""… 與 ""윤석열, 판사사찰 의혹"""
258,"한국어로 ""무궁화 꽃이 피었습니다""···경찰까지 딱 멈춘 여긴···"
259,"文 ""체육인들, 관중열광 속 운동할 날 하루라도 앞당길 것"""
260,"김학도 중진공 이사장, 뿌리中企 방문…""환경과 공존 모색을"""
261,"'화천대유 1타강사' 승리한 원희룡…""이재명 민낯 드러낼 것"""
262,"中디스플레이업체 BOE ""올해 순익 700% 증가"""
263,"""코로나로 막힌 수출길 뚫었다""… 울산 규제자유특구 기업들 수출 성과"
264,"트럼프·황교안 떨어지자 ""조작"" 음모론에 빠진 민경욱 [김유민의돋보기]"
265,"與, 최재형 탈락에 맹비난...원희룡 ""사과하라"""
266,"현직 고등법원장 ""권순일 고액 고문료, 당혹스럽다"" 비판"
267,"""넷플릭스 항의 도대체 어디에 해요!"" 박명수가 ‘버럭’한 이유"
268,"홍수로 물에 잠겼는데 대박 난 식당…""파도 맞으며 식사"""
269,"""올해 마지막 연휴"" 여행객 '북적'...""이번 고비 넘겨야 일상회복"""
270,"이재명 측 ""화천대유 아닌 ‘국힘대유’…특검 요구하는 자가 주범"""
271,"""카카오T 수수료 부담…살기 어렵다"" 택시기사, 국감장서 '울분'"
272,"[남산 딸깍발이] 대가속 시대에서 외치는 '감속'…""이젠 고개를 돌려야할 때"""
273,"""브래드버리"" 심석희, 최민정 밀었나…문제의 그 경기 보니[영상]"
274,"""X도 ●도 아니다…"" 日 천재 게임제작자, 오징어게임 극찬"
275,"경찰, 유동규가 ""창밖에 버렸다""던 휴대전화 확보"
276,"노벨평화상에 독재에 저항한 필리핀·러시아 언론인…""표현의 자유 수호"""
277,"與 정청래, 최재형에 ""다시는 정치권 기웃 말라"""
278,"""이재명 옷, 윤석열 옷""…홍준표측 ""이재명, 상위 0.1%의 삶…가난을 스펙활용"""
279,"'라임 펀드 돌려막기' 이종필, 징역 추가 10년 선고...""무책임한 운용"""
280,"이낙연측 ""구속 발언, 와전된 것""… 이재명측 ""정치적 책임 져야"""
281,"황교안 ""무속신앙 존중하지 않아…윤석열 전도해보겠다"""
282,"황교안 ""국민의힘 2차 경선도 부정선거 있었다"""
283,"본경선 돌입한 野 4인…최대 변수 ‘당심’ 두고 尹-洪 서로 ""이겼다"" 신경전"
284,"美 고교서 장애인 교사 폭행 논란 ""틱톡 챌린지 의심"""
285,"홍남기 ""공공의료 구축과 보건의료 처우 개선 적극 협조"""
286,"'김건희 논문' 조사계획 전달한 국민대…교육부 ""지금 공개 못해"""
287,"월성 1호기 조작 의혹… ""백운규 전 장관 배임교사 혐의 기소해야"""
288,"기재차관 ""10월 물가 9월보다 더 오를 것""…짓누른 공공요금 부메랑 될 수도"
289,"""화천대유 세무조사"", ""납세자료""…하나된 여야에 국세청장 '진땀'"
290,"[2021 국정감사]국세청장 ""가상자산 과세, 실무적 어려움 있지만 차질없이 준비"""
291,"황교안, 야당 경선 불복 ""특정후보 표 과잉계산…부정선거"""
292,"심석희 ""최민정 토나와"" ""개XX""… 동료 욕설·비하문자 '충격'"
293,"""가곡, 제2의 전성기 찾길"" 가곡 100년사 드라마로 담은 ‘굿모닝 가곡’"
294,"홍남기 ""보건의료노동자 코로나 생명안전수당 지원 국회와 협의"""
295,"김웅 ""조성은 통화 기억 안 나...검찰 밑밥 뿌리기식 누설"""
296,"국세청장 ""역외탈세 차단 위해선 법 바꿔야"""
297,"성추행 피해 후 사직·숨진 직원에 국세청장 ""유감"" 표명"
298,"윤석열·홍준표, 2차 예비경선서 서로 ""내가 압도적 1등"""
299,"'위드코로나, 이런 모습' 11월9일 확정··· ""해방은 아냐"""
300,"안전성 불안에도 광주 16~17세 절반 ""백신 맞겠다"""
301,"홍남기 ""내년 상반기 국내 1호 백신 나오도록 지원"""
302,"통계청 ""좋은 날씨 덕에 올해 쌀생산량 9.1% 증가"""
303,"국세청장 ""국세청 콜센터 '노조 금지' 개선하겠다"""
304,"""프랜차이즈 노래주점 회장이 욕설, 폭행, 임금체불까지"""
305,"막판까지 갈등...'이재명 구속' 발언 수습에도 ""정치적 책임져야"""
306,"[영상] 美고등학생, 60대 장애인 교사 폭행 …경찰 ""틱톡 챌린지 의심"""
307,"경찰, 유동규 휴대전화 하루만에 확보했다…""인근 주민이 습득"""
308,"김만배 ""성남시에 실탄 350억""…檢, 정관계 로비 수사 속도"
309,"""친형에게 30년간 116억 뜯겨""…박수홍, 첫 재판 열린다"
310,"경북 찾은 홍준표 ""윤석열 판에서 홍준표 판으로 바뀌었다, 이재명과 대결 준비"""
311,"""2030년 탄소감축 40%로""… 해외 감축분 끼워넣기 ‘꼼수’"
312,"원희룡·정청래, '최재형 탈락'에 설전…""틈만 나면 조롱"" vs ""턱걸이 4등"""
313,"최재형 '컷오프'에 조롱…정청래 ""다신 정치권 기웃거리지 마"""
314,"대주주만 고가 매각 논란…""의무공개매수 도입"" 목소리"
315,"국경절 연휴 마친 中증시, 악재 곧 해소 기대감에 상승…""당분간 횡보"""
316,"""전기요금 3배?"" ""암모니아로 발전?"" 탄소중립 토론회에서 제기된 의문점"
317,"임희정, 7타 줄이고 공동선두 도약 ""메이저 우승 욕심"""
318,"윤석열·홍준표, 서로 ""내가 1위""…벌써 본경선 기선 잡기"
319,"윤석열-홍준표, 서로 ""압도적 승리"" 신경전…‘2040 당원’ 최대 변수로"
320,"‘젊은 거장’ 다닐 트리프노프가 조명한 바흐… ""사랑에 대한 헌사"""
321,"""평창올림픽조직위, 파손 가구 물어줘야""...한샘 승소"
322,"윤석열 ""민주당 못된짓 많이 목도…자유민주주의 정권도 아니다"""
323,"2030년 온실가스 감축목표 40%로 상향…최태원 ""기업 혼자 힘들어"""
324,"국감 나온 남양회장 ""불가리스 몰랐다""""임신포기 각서 없었다"""
325,"""1인 가구·컨택트株 성장성↑""…KB자산운용, 강소펀드 2종 추천"
326,"""`오징어 게임` 황동혁, 이가 빠질 정도 제작 투혼""…CNN도 놀랐다"
327,"민주당 을지로위 ""영업손실 보상 기준 80%, 전면 재검토 촉구"""
328,"""제주 녹지국제병원 올해 12월 비영리병원 개원 추진"""
329,"‘감독’ 이제훈·박정민·손석구·최희서, ""저희가 만든 영화 보여드릴 수 있어 영광"""
330,"한소희 ""10kg 벌크업? 잘 먹고 운동했다"""
331,"팝스타 아델 ""일부 여성들이 살 뺐다고 날 욕해… 상처 많이 받았다"""
332,"교사 5명 중 4명 ""학교의 먹는 물 환경 열악"""
333,"[오늘의 대장동] ""전 성남시의회 의장, 대장동 사람에 시의회 요직 맡겨"""
334,"""다른 배우 기준 달라져""…‘연모’ 송현욱 감독, 로운 캐스팅 후회한 이유"
335,"월성원전 수사지휘 노정환, ""백운규 배임교사 기소의견 확고"""
336,"""수소 성장은 시간문제…이제 옥석가릴 시간"""
337,"새벽에 음식시키고 ""돈은 내일 줄테니 보내달라"" 황당 손님"
338,"""시즌2 스토리는""… ‘오징어게임’ 황동혁 감독, 시즌2 내용 언급"
339,"""기술력 한계"" ""전기요금 폭등"" NDC 대폭 상향에 우려 쏟아져"
340,"김강립 ""삼바 모더나 백신 생산시설, 이달 내 GMP 심사 가능"""
341,"""2050 탄소중립 실현 위해""…안양시, 직원 대상 기후변화 대응 역량강화 교육 실시"
342,"""한국보다 나은가요?"" 태국 홀린 21세 ‘이 여자’ 누구길래?"
343,"""NDC 달성 부담 커""...공장 해외로 빠져나갈 수도"
344,"""변희수 하사 재판 신속히 진행됐어야"" 국감서 질타"
345,"10살 친손녀 4년간 성폭행한 할아버지…""유일한 가족이었는데"""
346,"""아무 생각 없이 달렸다""…심정지 노인 살린 정수기 설치기사"
347,"SBS 무단협 사태에 비판 목소리…""임명동의제가 왜 걸림돌인가"""
348,"홍콩정부, 야권 구의원 16명 자격 박탈…""충성서약 진정성 의심돼"""
349,"김웅 ""녹취록 공개는 낡은 수법""…민주당 ""‘우리’ 실체가 뭐냐"""
350,"정청래 ""원희룡, 4등이라도 하니 눈에 뵈는게 없나...공부나 더해라"""
351,"[단독] ""길에서 아기가 나왔어요"" 아기와 엄마 모두 살린 부산 소방관들(영상)"
352,"""대표팀 경기는 약 먹고라도 뛰어야""...손흥민이 구했다"
353,"""백신 맞기 싫어요"" 미스월드 출전 포기한 네덜란드 1등"
354,"김후곤 대구지검장 ""최성해 동양대 총장 사건 신속 처리할 것"""
355,"정청래 ""최재형, 다시는 정치권 기웃거리지 마시라"""
356,"노보그라츠, NFT 시장 거품 경고 ""지금이 수익실현 적기"""
357,"""창밖으로 던졌다""는 유동규 폰…검찰 못 찾더니 경찰이 찾았다"
358,"남양 임신포기각서 강요 논란에 홍원식 ""절대 그런 일 없다"""
359,"""세종대왕님 감사합니다"" 575돌 맞은 한글날"
360,"‘53만명 동의’ 마포 데이트폭력에… 靑 ""엄정 수사하겠다"""
361,"""지하철 보다 높은 소음""... 권익위, 포항 수성사격장 소음측정설명회"
362,"[BIFF] '마이네임' 한소희 ""근육만 10kg 증량? 지방도 있어요"""
363,"""우리 형이다!"" 쌍둥이 만난 485g 아기가 만든 기적"
364,"자영업자 ""업종 제한 없앤 건 환영, 손실보상액 80% 상한은 아쉬워"""
365,"""과식하고 토하고""…5년간 신경성 폭식증 환자 절반은 ‘20대 여성’"
366,"홍남기 ""온실가스 감축해야""…재계 ""기업 혼자선 불가"""
367,"홍준표 ""컷오프 세부결과 미공개 아쉽다""…윤석열 이겨서?"
368,"정부, 기시다 첫 연설에 ""일본과 미래지향적 관계발전 기대"""
369,"""중요한 이웃""이라면서도…관계개선 해법 韓에 떠넘겨"
370,"이재명측 ""당 선대위 전환 논의"" 이낙연측 ""결선투표 가능성 여전"""
371,"윤석열 ""도둑질한 놈들이 국민세금으로 선거 매표행위를"" … ‘4강’ 안착 후 경북 영주 찾아"
372,"탄소중립 과속 또 과속…""가혹하다"" 기업들 '비명'"
373,"""美 특수부대, 1년 이상 대만군 훈련시켰다"""
374,"""온실가스 감축 가야 할 길""...""기업 혼자선 안돼"""
375,"""백신 맞기 싫어서"" 세계 미인대회 포기한 미스 네덜란드"
376,"리움미술관 재개관…""더 많은 작품을 더 많은 사람에게"""
377,"기시다 ""김정은 조건없이 만날 것""…한일 관계는 달랑 두 문장"
378,"조오섭 ""캠핑카 열풍…안전기준 재정비 필요"""
379,"2작사 국감···""노후장비·구식 편제 우려"""
380,"""쇼핑대목 놓칠라""…월마트, 빈 선반 채우러 벌크선까지 빌린다"
381,"크래비티 ""아직 보여주지 않은 것 많아…질주할 수 있게 응원 부탁"" [일문일답]"
382,"""심근염 부작용"" 북유럽 국가 30대 이하 모더나 접종 일시 중단"
383,"""최소 4일 성관계 금지""…먹는 코로나약 복용 주의사항 보니"
384,"[Q&A]""아직 백신을 안맞았는데 재택치료 중인 엄마와 함께 있을 수 있나요?"""
385,"'동료 성추행' 공군 중사 15년 구형…""죄질 불량"""
386,"새만금 ""스마트 그린 산단 성공 모델될 것…정부 지원은 필수""(종합)"
387,"조국 아들이 지원했던 로스쿨 교수 ""스펙 진짜라고 믿어"""
388,"""뉴요커까지 홀렸다""… 농심, 美서 ‘신라면·짜파게티’ 최고의 라면 선정"
389,"""화천대유 근무 성남시의회 전 의장, 대장동 아파트 당첨"""
390,"유승민 캠프 ""최윤길 전 성남시의장, 대장동 미분양분 아파트 청약 받아"""
391,"""독박육아에도 ‘너만 애 키우냐’더라""…최정윤이 이혼 전 토로한 고민"
392,"""코로나 치료제로 年 매출 20억달러 기대"""
393,"중고플랫폼서 '명품·골드바' 거래, 꼼수 탈세?…국세청 ""과세기준 검토"""
394,"김희재, 첫 팬콘서트 1분 만에 매진...""팬덤 화력 입증"""
395,"공군 중사 성추행 가해자에 징역 15년 구형...""엄정 처벌 불가피"""
396,"케이블TV방송협회 ""시청률 조사 독점…자료 왜곡"""
397,"""영업손실 100% 보상해줘야"" 소상공인들 반발"
398,"오세훈 ""이재명, 엉터리 자료 자랑말고 대장동 아파트 원가나 공개하라"""
399,"기시다 ""韓은 중요한 이웃 나라…적절한 대응 강하게 요구"""
400,"""조국 아들 스펙 모두 진짜라고 믿었다""…로스쿨 교수 법정 증언"
401,"""文 정부, 폭등한 집값 잡을 의지 없어""…무주택자들, 분노의 촛불 든다"
402,"홍남기 ""2030년 40% 탄소감축""...최태원 ""기업 혼자 못해"""
403,"경기도 ""화천대유·천화동인 자산 동결""…이제서야 성남시에 지시"
404,"中 ""중·미 영상 정상회담 '정상적 소통'"""
405,"""식당 왔더니 메뉴판에 영어만"" 당혹…세종대왕님 노하실라"
406,"UN 북한인권특별보고관 ""북 인도적 상황 위기""…미 국무부 ""대북 인도적 지원에 최선 다할 것"""
407,"정부 ""10월 물가 더 오를 것"""
408,"‘지난해 준우승’ 이재경 ""이 코스 오면 자신감…올해는 우승"""
409,"""혼잣말도 한국어로""..세종학당 학생들의 남다른 한국어 사랑"
410,"온실가스 감축목표 40% 상향에 업계 ""비현실적"" 한목소리"
411,"[BIFF] ""코로나 아니면 ‘드라이브 마이 카’ 부산서 촬영"" 하마구치 류스케 감독"
412,"보험硏 ""내년 보험산업 수입보험료 3.2% 증가한 240조원 전망"""
413,"들뜬 조선 빅3 ""카타르 수주 100척 넘을 수도"""
414,"당근마켓에서 명품시계·골드바 거래...""세금 물어야"""
415,"모더나 접종 간격 4주로 단축...""내일부터 예약일 변경 가능"""
416,"美국민 63% ""북한이 침공하면 한국 도와야""…文대통령에도 호의"
417,"""포스트코로나 노린다"" 김해공항 면세점 입찰, 롯데·신라·신세계 '각축'"
418,"윤석열·홍준표·유승민에 원희룡 가세…""국힘, 미신·무속 언쟁 넘어 정책검증 힘써야"""
419,"[마켓인사이트] ""우리금융 지분 사겠다""…인수전 뛰어든 KT·호반건설"
420,"최재형 컷오프 조롱한 정청래, 원희룡엔 ""4등이라도 기분 좋나?"""
421,"이용빈 의원 ""5G 불만 높은데도 기지국수는 오히려 감소"""
422,"급등한 비트코인 ""5만6200달러 안정적 돌파시 강한 상승"" [강민승의 트레이드나우]"
423,"집값 잡겠다던 대출 총량규제…""서민 울리고, 금융사엔 족쇄"""
424,"""리더의 언어로 말하고 싶은 사람들을 위한 안내서"""
425,"김강립 식약처장 ""삼성바이오로직스 '모더나 백신' 생산시설, 이달 GMP 인증 예상"""
426,"[어떻게 생각하십니까] ""혐오시설"" vs ""적법""…도심 장례식장, 주민-구청 갈등"
427,"모더나 접종 간격 4주로 단축…""내일부터 예약일 변경 가능"""
428,"김인제 서울시의원 ""해마다 일본식 용어 포함된 조례안 반복적으로 나타나"""
429,"""코로나 백신만 맞을 때 아냐""…전문가들 입 모아 '경고' [이선아 기자의 생생헬스]"
430,"""D램 가격 3~8% 하락할 것""…4분기는 실적 숨고르기"
431,"[2021 국정감사]""디지털 뉴딜, 수도권 지역 집중""…여・야 질타 이어져"
432,"2차 컷오프 최재형 ""정치 계속…어떻게 새출발 할지 고민할것"""
433,"현대차 노조, 이번엔 ""캐스퍼 온라인서 팔면 안돼""…왜?"
434,"폴란드 헌재 ""헌법이 EU 법률에 우선""…유럽통합 원칙 ‘흔들’"
435,"""사실 나, 과민성 대장증후군이야""…아침 출근이 괴롭다면?"
436,"'韓대응 요구' 기시다에 반박한 靑…""함께 노력해야"""
437,"""아프간과 다르다""… 대만 방어 의지 천명한 美"
438,"""간헐적 단식하면 더 오래 살 수 있다"""
439,"""74개 공약 사업은 어떻게?"" 창원시, 시민공약평가단 이행 점검 회의"
440,"尹·洪, 서로 ""내가 1위로 통과""…劉·元 ""토론서 역전"""
441,"박남춘 인천시장, ""제3연륙교 건설에 지역 건설경제 활성화에 힘 보태 달라"""
442,"오세훈 ""이재명, 대장동 아파트 원가나 공개하라"""
443,"""10월 물가상승률, 9월보다 높을 것…계란 공판장 시범 운영"""
444,"홍남기 ""내년 상반기 국내 1호 백신 나오게 집중 지원"""
445,"이재명측 ""尹 천공스승 조언 경악…김건희의 무속인 사랑"" 맹공"
446,"""영업제한 업종 손실액 80% 보상""…대선 前 표심 의식?"
447,"퇴임후 화천대유로 간 권순일…'재판거래 의혹'에 現 법원장도 ""당혹"""
448,"기시다 日총리 첫 국회연설 ""한국에 적절한 대응 요구"""
449,"이낙연측 ""이재명 구속 발언은 와전"""
450,"""北 식량난은 주민착취 정권 탓""…美, 제재 유지하되 인도적 지원"
451,"청와대 ""일본과 미래지향적 관계 기대…현안 해결 방안 모색 위해 함께 노력할 것"""
452,"모더나 백신 접종 간격 ‘4주’로 단축… ""9일부터 개별 변경 가능"""
453,"""봉준호 감독 인간적 매력에 압도…내면 묘사 뛰어난 하루키 작품 영화화 부담"""
454,"오세훈, 이재명 비판에 ""대장동 아파트 원가나 공개하라"""
455,"모더나 2차 접종 4주 단축… ""내일부터 예약일 변경 가능"""
456,"홍성룡 서울시의원 ""농수산식품공사 신임 사장 내정설 나돌아…절차적 정당성 훼손"""
457,"""대장동 아파트 원가나 공개하라""…오세훈, 이재명과 '설전'"
458,"집주인 체납에 날린 전세금 5년간 355억…""체납열람제도' 개선해야"""
459,"심석희 충격문자 속 ""브래드버리""···최민정 엉킨 그날 관련 있나"
460,"""감칠맛 강하다""…美 유명 매체, 신라면·짜파게티 ‘최고의 라면’ 선정"
461,"""네·카·쿠·배 경쟁력 키울 방법은"" 과기정통부, 정책포럼서 논의"
462,"'슈퍼푸드' 연어의 배신…""선홍빛 속살, 유해 논란 있는 색소 범벅"""
463,"포항 수성사격장 '주민 피해 있었다'…""훈련 때 소음 20dB 늘어"""
464,"홍남기 ""공공의료 인프라 및 처우개선 위해 적극 협조"""
465,"최창식 DB하이텍 부회장 ""회사 규모 맞게 증설 진행 중"""
466,"글로벌 기업인들, '사형 폐지' 촉구 선언문…""미국서 올해 7명 사형"""
467,"""왜 맵지?""에 노벨상 답 있었다…120년간 0명 한국의 숙제 [현장에서]"
468,"[뉴스큐] 정부 ""재택치료 범위 확대""...'지역사회 전파' 가능성은?"
469,"""우리 회사는요···"" 배터리·수소 강자들이 귀띔한 '취업꿀팁'"
470,"노정환 대전지검장 ""'월성원전' 백운규 배임교사 기소 의견 확고"""
471,"박용진 ""이준석, 편 들어달라 징징…황교안 따라가나"""
472,"외교부, '한국' 10초 언급한 기시다에 ""소통하며 협력"""
473,"여야 ""화천대유 납세기록 보자…안 오면 기재위 의결"""
474,"이한성 천화동인 1호 대표, 배당금 정치권 전달 의혹에 ""말 안 된다"""
475,"K-백신 두고 엇갈린 여야 평가...""정권 홍보"" VS ""발빠른 대응"""
476,"日 기시다 총리 ""한국은 중요한 이웃""...관계 개선 해법은 한국에 돌려"
477,"아이부터 회사원까지…""친환경 소재·장비, 발전속도 깜놀"""
478,"""주거지역의 에너지 '프로슈머'화…에너지 자립 130% 달성 목표"""
479,"이재명, 대장동 사업 ""최대 치적""이라더니…돌연 ‘부당이득 환수’ 선회"
480,"스마트 그린 산단서 신재생에너지 쓰려면…""기업 부담 낮춰야"""
481,"홍원식 남양유업 회장 ""임신포기각서 받은 일 없다"""
482,"""2021년 상반기 대학정보공시 전문대학 지표 분석 발표"""
483,"'50억 클럽' 의혹 권순일, 국감서 집중포화…""취업심사 허점"""
484,"국감 출석한 안성우 직방 대표 ""공인중개사들과 상생 방안 검토"""
485,"안산 ""2030년까지 100% 그린수소 생산·100% 배관망 공급"""
486,"""선생님 때리기, 성공!"" 틱톡 챌린지, 美 10대 사이서 유행"
487,"간부회의 주재한 최대호 안양시장 ""선제적 대응으로 위드코로나 대비"""
488,"""인삼값 하락 막아라""...농협, 인삼 2300t 수매로 가격안정 총력전"
489,"""엄마!"" 길 잃은 아기 코끼리, 가족과 재회 직전 ‘기쁨의 포효’ (영상)"
490,"정부, 기시다 ‘한일관계 두 줄’ 연설에 ""소통·협력 기대"""
491,"최대호 안양시장 ""위드코로나 시대, 철저한 대비책 마련해야"""
492,"CIA ""중국센터 신설, 코리아센터 폐지""…바이든의 아시아 전략"
493,"여야, 기상청 국정감사에서 ""일기예보 부정확"" 질타"
494,"""우리 없으면 수소·전기차도 없었죠""…'원조 벤처' 일진의 자신감"
495,"남양유업, 직원에 '임신포기각서' 요구?…홍원식 ""절대 그런 일 없다"""
496,"오세훈, 이재명과 온라인 설전 ""대장동 아파트 원가나 공개하라"""
497,"기시다 ""한국에 적절한 대응 요구"" 기존 주장 되풀이"
498,"이재명 쪽 ""정치적 책임져야""…이낙연 쪽 ""설훈 발언 와전돼"""
499,"홍원식 남양유업 회장, ""매각 의사 변함없다…적절한 매각자 찾을 것"""
500,"여야 질타에 진땀 흘린 홍원식 회장…""'불가리스 사태' 사전 보고 받지 못했다"""
501,"""父가 망치 들고 찾아와""....박수홍 형제 갈등 29일 첫 재판"
502,"[선수의 해석] ""역발상이 필요한 때! 한번은 크게 옵니다"" 에이스토리, 디지털대성, 동화약품"
503,"윤석열, 2차 컷오프 압도적 승리 확신 ""인생 걸고 나섰다"""
504,"""안 힘든 직장인 없다""… 스타벅스 직원들 트럭 시위에 비판 여론 왜? [이슈+]"
505,"""배터리 재사용시대 앞당긴다""… SK온, 산업부 KTL과 ‘사용 후 배터리’ 평가 체계 개발"
506,"홍원식 남양 회장 임신포기각서 논란에 ""그런 일 없었다"""
507,"""인천 유리창 청소노동자 추락사, 인재""…업체 '안전 무시'"
508,"국민의힘 ""재판거래 의혹""…민주당 ""판사 사찰"""
509,"국세청장 ""화천대유 세법상 조치 필요한지 살피겠다"""
510,"검찰 ""조국子, 학교에 허위 체험보고서 제출…실제론 SAT 응시로 미국행"""
511,"국감날 예보 틀려 체면구긴 기상청… ""이래서 구라청"""
512,"‘재판 거래 의혹’ 날 세우는 野 ""권순일, 이재명 무죄선고 주도"""
513,"하마구치 류스케 ""한국영화 힘 주목… 언젠가 부산서 영화 찍어보고 싶다"""
514,"""당근마켓서 수천만원 고액물품 거래, 과세 사각지대"""
515,"소상공인 ""80% 보상 아쉽지만 환영""…여행업계는 ""왜 빼냐"" 허탈"
516,"日 기시다 ""한국 중요 이웃""…격하된 표현 쓰면서 달랑 두 문장"
517,"80% 손실보상에 소상공인 ""환영""…대상 제외된 여행업은 '탄식'"
518,"11월 15일 이후 싱가포르 여행 가이드…""여전히 복잡"""
519,"공수처, '고발사주' 김웅 소환 일정 조율…김웅 ""최대한 협조하겠다"""
520,"신풍제약 '피라맥스' 사재기 논란...김강립 ""코로나 치료용 아냐"""
521,"[단독] 카카오 투자자, 헤어샵 철수 반대…""동의 없이 서비스 중단 못한다"""
522,"경찰, 유동규 전 본부장 휴대전화 확보…""검찰과 적극 협력"""
523,"천공스승 ""윤석열 검찰총장 사퇴 조언…김건희가 연락해 만나"""
524,"소상공인연합회 ""80% 손실보상 유감""…대상 제외된 여행업계도 ‘탄식’"
525,"北피살 공무원 아내 청와대 앞 1인시위... ""대통령은 약속 잊었나요"""
526,"""1억원도 부족""vs""이정도면 만족""…자영업자 손실보상 온도차"
527,"1위 두고 신경전?…尹·洪 서로 ""당원 압도적 지지"""
528,"'대장동 수사' 경찰, 유동규 휴대폰 확보… ""검찰과 협력할 것"""
529,"원희룡 측 ""‘元바람’ 돌풍…조만간 태풍으로 주역될 것"""
530,"'광고계 블루칩' 로지 아버지의 자신감…""메타버스시대 셀럽은 가상인간"""
531,"김교흥 ""경인고속도로 지하화 조속히 추진해야"""
532,"'원 더 우먼' 이하늬X이상윤X이원근, 위험천만 돌발상황 ""만나기 1초 전"" 현장 공개"
533,"""올해 마지막 연휴"" 공항 북새통...수도권 감염 확산"
534,"[뉴스큐] 국민의힘 4강 티켓은 원희룡에...""곧 판세 바꿀 것"""
535,"""기상청이냐 '구라청'이냐""…환노위, 예보 틀리는 기상청 질타"
536,"김찬돈 대구고등법원장 ""일본제철 강제집행 신속히 진행할 것"""
537,"""저희 엄마 도와주세요"" 온라인커뮤니티 사연 보고...""어! 우리 회원이네"" 헌혈 행렬"
538,"윤석열 ""도둑질한 놈들, 선거되면 '지원금' 매표 행위…모든 걸 걸고 나라 구하겠다"""
539,"홍준표 ""대통령 되면 TK 50년 미래 보장되는 산업 기반 다질 것"""
540,"""전국 유일 효 테마공원 '뿌리공원'서 효·조상의 뿌리 느껴보세요"""
541,"""등록금 동결에도 전문대학 교육환경은 지속적으로 개선, 창업환경은 열악"""
542,"""장례식장서 이런일도""… 고인이 좋아하는 음식 주문하자 생긴 일"
543,"홍원식 남양유업 회장 ""불가리스 심포지엄, 홍보 의도 몰랐다"""
544,"경찰, 유동규 휴대폰 확보… ""고발 당일 수사착수, CCTV 분석"""
545,"[종합] ""비주얼·관계성 잡다""…박은빈·로운 '연모', 드라마 팬들 홀릴까"
546,"성균관대 캠퍼스타운-Project A ""거리극 ‘Continuation’으로 종로구민과 예술적 교감"""
547,"송기섭 진천군수 ""변화와 혁신 주도해 주민 삶의 질 향상"" 주문"
548,"이재명 ""설훈 발언 책임을""-이낙연 ""확대·왜곡 말아야"""
549,"외교부, 기시다 연설 관련해 ""일본과 소통·협력 기대"""
550,"""권순일 전 대법관 취업 심사 없이 화천대유 고문"""
551,"""소상공인 영업 손실 80%까지 보상…여행‧공연업은 제외"""
552,"[BIFF] 박해일 ""15년 만에 최민식 선배와 호흡, 너무 반가웠죠"""
553,"여야 ""가상자산 과세 준비 미흡…NFT 적용 모호"" 질타"
554,"국힘, 천막농성 초강수…""'대장동 의혹' 특검 반드시 필요"""
555,"원유철 부인도 화천대유 고문...""고문료 월 600만 원"""
556,"당국 ""모더나 접종연령 변경 계획 아직 없어...상황 모니터링"""
557,"당근마켓, 탈세 등 불법 우려…국세청장 ""100% 공감하고 구체적 과세 기준 의견 내겠다"""
558,"""꺼져 날 내버려둬"" 노벨문학상 구르나…수상 소식 스팸전화로 착각"
559,"""새로 스물 여덟자를 맹가노니"" 세종대왕의 사랑 느껴보세요~![퇴근길 한 컷]"
560,"코스피, 관망세 속 2950선 마감…""다음주 이 '변수'가 향방 바꾼다"""
561,"""데이트 폭력 가해자 철저히 수사"" 53만 명 동의한 청원에 靑 답변"
562,"스벅 직원들 '트럭시위' 통했다…""겨울 e프리퀀시 행사 연기"""
563,"""강원도는 자영업자들에게 너무 무심해…더 이상 참을 수 없다"""
564,"허성곤 김해시장 ""살기 좋은 김해 만들겠다"""
565,"부실수사 처벌 '0'…고 이예람 중사 父 ""이런 수사 어딨나"""
566,"김경호 경기도의원 ""농민 안전과 권리 증진 위한 의정 활동할 것"""
567,"[시그널] ""지아이텍은 상단 초과, 차백신은 하단""…엇갈린 IPO 기관 투심"
568,"이낙연 캠프 '이재명 구속' 언급…송영길은 ""원팀"" 강조"
569,"""갓카한테 답장왔다""…MB에 초상화 보낸 고등학생, 편지 공개"
570,"김웅 ""조성은과 통화 기억 없다…대장동 덮으려는 수법"""
571,"""매일 고통받길""…앱으로 만난 女 3명 살해한 美남성, 징역 160년형"
572,"최재형 ‘컷오프’에 與조롱…정청래 ""다신 정치권 기웃거리지 마"""
573,"北피격 공무원 유가족, 靑 1인 시위…""함께하겠단 약속 지켜달라"""
574,"""엄정 수사""…‘53만 참여’ 마포 데이트폭력 사건 靑청원 답변"
575,"모더나 접종 간격 4주로 단축…""희망자가 직접 일정 변경 가능"""
576,"일본 기시다 총리 첫 국회 연설서 ""한국에 적절한 대응 요구하겠다"""
577,"[특징주] ""삼성전자 실적, 눈높이에 못 미쳐""…박스권 갇힌 삼전, SK하이닉스는 2%대 약세"
578,"이재명 측 ""尹 천공스승 조언 경악… 점·사주·주역에 의지"""
579,"'고압적 말투' 광주 법관 도마위…""법원 신뢰 회복해야"""
580,"크래비티 ""성숙해진 '베니 비디 비치', 질주비티답게 나아갈 것"" [일문일답]"
581,"태영호 ""재외동포재단, 임원은 억대 연봉…신입은 최저임금 수준"""
582,"日 기시다 총리, 강제징용·위안부 문제 ""한국에 적절한 대응 강하게 요구하겠다"""
583,"4·3유족회 ""배·보상안 수용""… 개정 작업 '속도'"
584,"""한국은 중요한 이웃나라""…더 박해진 日 총리의 평가"
585,"""100% 보상 없으면 총궐기"" 자영업단체 강경대응 예고"
586,"""KISA 원장, 자문회의에 아내 17차례 참여시켜 자문‧평가비 수령"""
587,"장애인단체들 ""‘차별대학’ 진주교대, 특별 종합감사 실시해야"""
588,"""100% 손실보상하라"" 자영업자의 마지막 외침!! [청계천 옆 사진관]"
589,"""광주지법 '국민 법 감정' 반하는 판결…법원 신뢰성 떨어진다"""
590,"오세훈 ""이재명, 쓸데없는 짓 말고 대장동 아파트 원가 공개하라"""
591,"HUG, 사회공헌 기부금 7억원 전달…""취약계층 지원"""
592,"서울시 ""2개월간 노인시설 확진자 63%가 돌파감염"""
593,"모더나 접종 간격 4주로 단축…""9일부터 날짜 변경 가능"""
594,"사세행, 국민대 총장 고발 ""김건희 논문 검증 방해"""
595,"심석희 ""토나와, 금메달 딴 게 창피""…최민정·김아랑 향한 욕설 '충격'"
596,"[속보] 당국 ""모더나 접종연령 변경? 아직 계획 없다…모니터링 중"""
597,"'방역수칙 위반' 최진혁 ""안일하게 판단한 제 불찰"" 직접 사과"
598,"현대카드 ""카드 재발급 할 때 번호 그대로 쓰세요"""
599,"조계종 사노위 ""변희수 하사 ‘전역 취소소송’ 승소 환영"""
600,"홍준표 측 ""가난이 스펙이냐""…이재명-윤석열 어린시절 비교 사진 비판"
601,"'데이트 폭력' 엄벌 국민청원에 53만 동의… 靑 ""철저히 수사"""
602,"백악관 국가안보보좌관 ""타이완 안정 심각하게 해치는 행위들 있을 시 단호히 목소리 낼 것"""
603,"尹 ""압도적 승리 감사""vs 洪 ""압도적 지지 감사""…1위 '신경전'"
604,"[비트코인 지금] 6500만원대에서 횡보…JP모건 ""기관투자자가 상승세 이끌어"""
605,"""母, 생전에 좋아하시던 음식""…장례식장서 배달 시켰더니"
606,"""세무서 성추행, 극단적 선택""…국세청장 ""유감"" 표명"
607,"고용진 ""곽상도 아들 50억, 퇴직금 아니라 상여금으로 파악"""
608,"오징어게임 ""재주는 한국, 돈은 중국이 번다"" 대체 무슨 일?"
609,"다우 ""탄소배출 제로 에틸렌 시설 건설"" 미래 투자 발표"
610,"""태명은 ‘♥’""…원더걸스 출신 우혜림, 신민철과 결혼 1년만에 임신"
611,"靑 ""데이트폭력은 중대범죄…가해자에 상응한 처벌 노력"""
612,"[농업이 IT(잇)다] 이민호 미리본 대표 ""사람과 반려동물 모두 행복한 세상으로"""
613,"대한상의 ""온실가스 감축목표, 실현 가능성 우려"""
614,"홍남기 ""온실가스 감축목표, 가야할 길...탄소중립 예산 12조 편성"""
615,"""복용 후 최소 4일 성관계 금지""…먹는 코로나약 주의사항 보니"
616,"이준석 ""대장동 특검 거부 실망"" vs 박용진 ""징징대는 아이로 보일 것"""
617,"""자식 대신 손자에게 증여""… 최근 5년 ‘세대 생략’ 증여 7조5000억"
618,"""우리도 이제 부자 구단"" 뉴캐슬의 뜨거운 함성"
619,"[좋은정보의 '황맥기'] ""두산중공업 · 일진하이솔루스 지속 관심! 오늘 장 황맥기 포착 종목은?"""
620,"김웅 ""조성은과 통화 기억 안나…대장동 은폐 위한 공작"""
621,"""전광석화 같은 일처리""…유시민, 이재명 지지선언하나"
622,"[e글중심] ""11월 9일부터 위드 코로나""에 ""대대적 망년회 예상"""
623,"[급등왕의 '급등맥 필살기'] ""만도, 자동차 부품주 상승에 동반 급등! 현 시점 전략은?"""
624,"안경덕 장관, 유통물류기업 CEO들 불러 ""근로시간 줄여야"""
625,"생후 2주 아들 던져 숨져가는데 술·고기 파티… 친부 ""징역 25년형 무겁다"""
626,"""도의원 증원 필요 공감… 도민 공감대 형성 부족"""
627,"창원시 ""시민과의 약속, 시민에게 평가받는다"""
628,"""수소생태계 위해 '수소도시법' 필수…친환경 인프라 만든다"""
629,"청 ""데이트폭력은 중대범죄…가해자에게 상응한 처벌"""
630,"""화천대유 세무조사"" 요구에 국세청장 ""필요조치 살펴볼 것"""
631,"[속보] 정부 ""소상공인 영업제한 손실 80% 보상…분기별 상한액 1억원"""
632,"‘데이트폭력 사망’ 고 황예진씨 어머니 국민청원에···청와대 ""엄정 수사·예방 강화"""
633,"[손실보상]소상공인·자영업자 ""손실 100% 보상 안돼 아쉬워"""
634,"""토 나와""·""개XX""…심석희, 동료 비하·욕설 문자 '파문'"
635,"與, ‘부동산 투기 무혐의’ 양이원영 복당키로… 윤미향 제명 요구엔 ""우리 당 소속 아냐"""
636,"""택시비 아끼려 걸어가다…"" 음주 뺑소니에 20대 여성 참변"
637,"""남편 사건 기사 그대로…7살 딸이 받을 상처 걱정돼"" 엄마 송선미의 눈물"
638,"모더나 접종 간격 4주로 단축…""9일부터 변경 가능"""
639,"검찰, 20개월 여아 강간·살해범에게 '화학적 거세' 청구···법원 ""전문가 감정 후 판단"""
640,"홍남기 ""내년 탄소중립 예산 12조""···최태원 ""기업 혼자 할 수 없어"""
641,"홍준표 ""이재명은 낯 두껍고 속이 시꺼먼 후흑"""
642,"""전주한옥마을 옆 수소놀이체험관 짓는다‥수소에너지 직접 경험"""
643,"경제단체 만난 홍남기 ""NDC 40% 이행, 함께 가야할 길"""
644,"[사설] 김만배 ""성남시의장 30억, 시의원 20억원 전달"" 발언해, 검경 성남시의회 수사하라"
645,"송선미 ""불의의 사고로 잃은 남편, 딸에게 어떻게 설명하나"" ('금쪽 상담소')"
646,"국세청장, 대장동 사건에 ""엄정 조치하겠다"""
647,"부산에서 모더나 2차 접종 후 사망....""인과성 조사"""
648,"추수 앞두고 논 갈아엎은 전북 농민들...""재해 지역 선포하라"""
649,"靑 ""데이트폭력 강력 처벌 요구, 무겁게 듣고 있어"""
650,"팝스타 아델 맞아? 45kg 파격 감량…일부 여성 ""실망이다"""
651,"김웅 ""고발 사주 녹취록 유출은 대장동 은폐 시도…조성은과 통화 기억 안 나"""
652,"헌재 ""수용자에게 온 공적 서신, 교도소장이 먼저 봐도 위헌 아냐"""
653,"""北, 코로나 기간 동안 사이버 공격 늘어…암호화폐 노려"""
654,"스마트 그린 산단, '플랫폼' 역할 하려면…""정부 지원 절실"""
655,"윤석열 ""2차 경선, 압도적 승리로 마무리""… 1위 암시?"
656,"부총리 만난 경제단체장들 ""탄소중립, 민·관 원팀 플레이로 가야"""
657,"통계청 ""올해 쌀 생산 9.1% 늘어 383만t""…기상 호조 덕"
658,"셀트리온·SK바이오사이언스 특혜?...김강립 ""국민 보호 외 목적 없어"""
659,"""400% 특별상여 나오나""…역대급 실적에 삼성 직원들도 흥분"
660,"""수만명분 유효기간 도래""…귀하던 모더나마저 '무더기 폐기'될 판"
661,"지플랫 측 ""손가락 욕 사진, 큰 의미 無...행동 주의할 것"""
662,"北 피격 공무원 유족 ""文 침묵하는 동안 가정 무너져"""
663,"직접 만든 태양광 램프 반짝..""그린 기술, 효율 기대 이상"""
664,"배우자가 자문회의 참여…허은아 ""이원태 KISA 원장, ‘가족 혜택’ 만연"""
665,"심상정 ""윤석열, '고발사주 의혹' 정치적·도의적 책임져야"""
666,"권익위 ""차량 공동소유자 상속자 동의 없어도 말소등록 가능해야"""
667,"북한군 피격 공무원 유족 ""대통령이 챙긴다는 약속 잊었나"""
668,"모더나 접종간격 4주로 단축…""9일부터 변경 가능"""
669,"""남편이 동성과 데이팅 앱에서 채팅…이혼사유 될까요?"""
670,"‘유흥주점 술자리’ 최진혁 ""무지로 인한 실수…면목 없다"" 사과문(종합)"
671,"산업계 ""2030년까지 온실가스 40% 감축 실현 가능성 떨어져···부작용 우려"""
672,"日기시다 첫 소신표명 연설…""한국은 중요한 이웃나라"""
673,"""시스템 연계"" 식약처-심평원, 마약류 의약품 오남용 막는다"
674,"김기현 ""피 토하는 심정으로 대장동 특검 천막투쟁"""
675,"日 기시다 총리 첫 소신표명 ""한국에 적절한 대응 강하게 요구"""
676,"與, 윤석열에 맹공…""주술의 시대"" ""후보자격 '유지' 곧 끝난다"""
677,"""김건희 논문 조사 방해""…시민단체, 국민대 총장 고발"
678,"정부 ""소상공인 영업제한 손실 80%보상···분기별 상한액 1억원"""
679,"""급격한 친환경 전환, 전례 없는 유럽 ‘에너지 대란’ 불러"""
680,"정청래, 컷오프 최재형에 ""정치 아무나 하나...다신 기웃거리지 마라"""
681,"‘천공스승’ 공방에 尹측 ""거짓주장 시비"", 劉측 ""검증사항일 뿐"""
682,"이재명 측 ""원유철 부인도 고문료 600만원…'국힘대유' 게이트"""
683,"홍준표측 ""가난을 스펙으로… ‘부자 증오’ 이재명 답다"""
684,"故 최진실 아들 지플랫, 손가락 욕 논란…소속사 ""행동 주의하겠다"" 사과"
685,"[26th 부국제] 하마구치 류스케 감독 ""韓배우, 미역국 얘기 듣고 캐스팅"""
686,"""YS 기부금 60억원 늦게 썼다고 억대 증여세 폭탄"""
687,"""몸 곳곳에서 ‘돌’이?""…통증·병 일으켜 각별히 주의해야"
688,"""토나와, 개XX""…심석희 ‘中응원-동료 조롱’ 뒷담화 논란"
689,"​[코로나19] 정부 ""확진자 5000명씩 발생해도 중환자 의료대응 가능"""
690,"기재차관도 빠진 '오징어게임'…""고부가·新시장 선점해야"""
691,"온실가스 1억톤 더 줄인다는데…전문가들 ""비용추계 빠졌다"""
692,"‘母농지법 위반 무혐의’ 양이원영 與 복당…""매각 후 이익 환원"""
693,"""스마트도시 관리, 사후조치 아닌 사전예측이 기본"""
694,"[Q&A] 소상공인 손실보상금 27일부터 지급…""이렇게 신청하세요"""
695,"""신검서 보충역 처분자 14%, 입영검사서 현역판정 받고도 최종 보충역"""
696,"여수산단 부두 체선율 27%…""대기시간 길어 선사 불만"""
697,"엄태준 이천시장 ""근로감독권, 중앙정부·지자체 함께 감독해야 효율적"""
698,"이공휘 충남도의원 ""의회가 중심이 된 인사권 독립 이뤄내야"""
699,"기상청 산하기관장에 '3등 후보' 발탁 …野 ""BH에서 내리꽂았나"""
700,"""브래드버리 만들자""던 심석희 경기…승부조작 의혹(영상)"
701,"""눈에 보이지 않지만 삶을 풍요롭게 하는 코오롱 소재들"""
702,"중기부 ""소상공인 피해 80% 일괄 보상…폐업자도 보상"""
703,"식약처장 ""먹는 코로나19 치료제 도입 시 신속하게 검증·승인 진행할 것"""
704,"[기시다내각 출범 ②│ 경제·복지분야 과제] ""분배 통한 성장"" … 신자유주의 탈피 강조"
705,"""문해교육은 인간성의 회복 작업"""
706,"[성인문해교육 현장에서 만난 어르신들] ""글 배우기 전엔 눈 뜨고도 감은 듯 살았죠"""
707,"[정신장애인 차별 없애기] ""정신장애인 대상 지역돌봄체계 만들어야"""
708,"기업 10곳 중 7곳, ""내년 중대재해법 준수 어려워"""
709,"[인터뷰│박종언 마인드포스트 편집국장] ""조현병에 대한 왜곡된 시선 바로잡자"""
710,"""삼성화재, 진성노조와 임금교섭 재개하라"""
711,"[인터뷰│인재근 국회 보건복지위 의원] ""정신장애인 차별, 당장 해결해야"""
712,"""환절기엔 입속 챙겨야"""
713,"문성혁 장관 ""우리가 법을 어길 순 없다"""
714,"미국 ""대북 인도적 지원 지지"""
715,"""장기소액체납, 재기 걸림돌"""
716,"[내일신문 창간28주년 기획 | 촛불5년, 한국사회를 어떻게 바꿨나] ""촛불 미완성은 문정부 능력·의지부족 때문"""
717,"""연예부 기자 회식 중에…"" 김지철, 신소율과 열애설 났던 이유(촤파타)"
718,"안경덕 ""유통·물류사 장시간 근로 작업 개선 당부"""
719,"생후 2주 아들 던지고 고기 파티…20대 친부 ""죽을지 몰랐다"""
720,"""화천대유 수상한 자금 흐름 집중 추궁""···천화동인 1호 이한성 대표 경찰 조사"
721,"[2021 국정감사]국세청장 ""화천대유, 세법상 필요조치 살펴볼 것"""
722,"권익위 ""국민콜 통한 국민지원금 지급 상담 5만7000건"""
723,"""꽃뱀으로 소문났던데""…동거녀 외도 의심해 폭행한 50대男"
724,"""세계서 가장 효율적인 수소도시, 울산에 짓겠다"""
725,"靑 ""데이트폭력은 중대범죄""…53만명 국민청원에 답변"
726,"""새만금, 저탄소 경제 선도""…'112만평' 스마트그린 산단의 포부"
727,"기시다 ""韓에 관계회복 위해 적절한 대응 강하게 요구"""
728,"""지금이 저가매수 기회"" 홍콩 주식 담는 개미들"
729,"천화동인 1호 이한성 대표 경찰 소환... ""배당금 정치권 전달 말도 안돼"""
730,"홍남기 ""탄소중립 기업부담 최대한 덜겠다…美 반도체 긴밀 대응"""
731,"미·중 정상회담 합의 다음날 CIA ‘중국미션센터’ 설립…""가장 중요한 위협"""
732,"기시다 ""韓 중요한 이웃, 관계 회복 위한 대응 강력 요구""…첫 국회 연설"
733,"파크시스템스, 원자현미경 반도체 후공정에서 전격 채택…""수주 이어져"""
734,"""도로공사와 대장동 무슨 상관 있나""...국토위 국감 충돌"
735,"日 기시다 총리 ""한국은 중요한 이웃""...관계 개선 해법은 한국에 돌려"
736,"""먹는 재미가 있다""…뉴욕매거진 선정 한국 '최고의 라면' 뭐길래"
737,"""돈 받고 싶어?"" 60대 택시기사 폭행한 30대 의사"
738,"""가족과 사는데 어떻게 하나요?""…코로나19 '재택치료' Q&A"
739,"홍남기 ""온실가스 감축목표 40%, 어렵지만 가야 할 길"""
740,"​미국 뉴욕매거진 ""최고의 라면은 신라면·짜파게티"""
741,"검찰 ""조국 아들, 허위 체험보고서로 한영외고 출석 인정"""
742,"전력거래소, 서울국제 전력시장 컨퍼런스 개최…""재생에너지 급격 확대, 전력시장 개편도 빨라져야"""
743,"농진청, 장점마을 비료공장 점검결과 ""이상 없어"""
744,"김웅 ""조성은과의 통화, 부인이 아니라 기억 못 하는 것"""
745,"임권택 ""그놈의 賞이 뭔지… 즐기지 못하고 쫓기는 기분이었다"""
746,"""아프리카 난민, 빈손 아니다… 재능과 활기를 갖고 왔다"""
747,"""반세기 지나도 반성없다"" 6100억 흥행 '장진호' 때린 中언론인"
748,"기시다 일본 총리 ""일관된 입장으로 한국에 적절한 대응 촉구"""
749,"송영길 ""주술의 시대로 돌아가"" 윤석열 겨냥"
750,"서울시 ""서울의료원 부지 주택공급은 8·4대책 일환…강남구 여론 호도말라"""
751,"식약처 ""먹는 코로나19 치료제 도입, 신속·안전하게 검증"""
752,"""탑골공원과 성소수자 있는 곳""… 종로3가, 세계서 가장 멋진 동네 3위"
753,"""10명 중 8명 근골격계 질환""…서울대 생협 노동자의 열악한 노동환경"
754,"자영업자들 ""거리두기 완화 없으면, 촛불집회 나설 것"""
755,"""10만원 줄 테니 함께 자자""… 캐디 2명 강제추행 60대 입건"
756,"[자막뉴스] ""카카오, 배민, 네이버의 미래는?""...중기부, 플랫폼 규제 방향 제시"
757,"""블랙핑크 리사만 차별하지 말라""…팬들, YG에 분노한 이유"
758,"""中 공산당 로고 의미는""…엑소 '레이', 팬들에게 질문했다"
759,"""후유증 최소 2개월 지속"" WHO가 정의하는 '롱 코비드'"
760,"이재명 ""경기도처럼 제대로 공개"" 오세훈 향해 직격탄"
761,"""내년 '위드 코로나' 보험 영업환경 개선…수입보험료 3.2%↑""(종합)"
762,"윤석열 ""인생에서 가장 긴 100일…정치 문법 적응 어려웠다"""
763,"北 ""납치문제 다 끝났다. 말조심해라""…日 ""못 받아들여"" 발끈"
764,"""돌아와요 부산항에~"" 2년 만에 다시 열린 '제26회 부산국제영화제'"
765,"도예가 구세나 개인전 ""가장 아름다운 것이 자연의 생명력"""
766,"'작은 거인' 김지찬이 2년차?…""베테랑 못잖네"" 찬사 쏟아져"
767,"윤석열 ""정치 참여 100일, 인생에서 가장 긴 시간"""
768,"'연모' 감독 ""로운, 만화 속에서 걸어 나온 듯한 외모… 캐스팅 후회하기도"""
769,"""유령총 주의""….3D프린터로 총 만들었다가 실수로 본인 쏜 美 10대"
770,"美국무부 ""북한 인도적 위기는 자국민 착취하는 정권 탓"""
771,"야 ""권순일, 이재명 재판거래"" vs 여 ""윤석열, 판사 사찰"""
772,"정부 ""확진자 5천 명씩 발생해도 중환자 의료대응 문제없어"""
773,"""오는 2030년까지 2018년 대비 온실가스 40% 감축"""
774,"'연모' 감독 ""박은빈은 준비된 배우, 작품 선택해줘 고맙다"""
775,"[영상] 이준석 ""2016년 특검 호소하던 당신들도 이간질이었나"""
776,"""특별한 마을 산책 떠나볼까""… 구로구 ‘고척동 마을 여행’ 참가자 모집"
777,"""상권 뉴스 생생히 전달해주세요""…구리시상권활성화재단, 제2기 '와구리 블로그기자단' 모집"
778,"부산 27명 추가 확진…""감성주점 역학조사 중"""
779,"이준석, 기초의원 비하?…""동네 유지가 술 마시다 공천"""
780,"에이치피오, 45억원 규모 자사주 취득 결정…""주주가치 제고"""
781,"외교부, 일본 강진 관련 ""한국인 피해 접수 없어"""
782,"[더뉴스] ""재주는 한국이, 돈은 중국이?""...'오징어 게임' 中 불법 유통 '고발'"
783,"경영계 ""NDC 40% 불가능한 목표, 산업경쟁력 약화시킬 것"""
784,"정부 ""10월 물가 더 오를것""…달걀 도매시장 시범 운영"
785,"""변희수 전 하사 재판, 더 빨리 처리됐어야"" 질타"
786,"[속보]모더나 접종간격 4주로 단축…""내일부터 예약일 변경"""
787,"""롤렉스 1억에 팔아요""…당근마켓 거래도 '세금 검토' 왜?"
788,"누리꾼 훈훈하게 한 감동의 '장례식장 배달'…""세상 따뜻해요"""
789,"""몰랐다""던 뺑소니 택시 기사, 이 한마디에 '들통'"
790,"조국 차 세차하던 지지자들…이번엔 ""세차 사양합니다"" 안내문"
791,"정부 ""확진자 하루 1만 명 폭증해도 의료대응 가능"""
792,"[속보] 모더나 접종간격 4주로 단축…""내일부터 예약일 변경해달라"""
793,"재계, 온실가스감축목표 40% 상향에 ""부담 우려, 지원 필요"""
794,"원더걸스 혜림, 결혼 1년만 임신 깜짝 발표 ""태명은 사랑이"""
795,"""배달 음식점 3배·식품 위생 위반 12배 증가"""
796,"[사랑의 공부방 167호] 국적·피부색 뛰어넘은 모성애···""아이들에 미안"""
797,"UN 북한인권특별보고관 ""북 인도적 상황 위기""…미 국무부, ""대북 인도적 지원에 최선 다할 것"""
798,"홍남기 ""탄소중립, 어렵지만 가야할 길…내년 예산 12조원 편성 계획"""
799,"천화동인 1호 이한성 대표 경찰 출석 ""다 소명 될 것"""
800,"'연모' 로운 ""사극 빨리 도전하고 싶었다… 거침없는 성격이 극중 매력"""
801,"유시민 盧재단 이사장 퇴임 소식 알려진 날…이재명 캠프 ""진보 셀럽들, 이 지지 호소 기대"""
802,"[26th 부국제] 하마구치 류스케 감독의 부산 사랑 ""韓영화의 힘 주목"""
803,"[더뉴스] 단계적 일상회복 준비...""재택치료 확대"""
804,"헌재 ""교도소장의 서신 개봉·열람은 기본권 침해 아니다"""
805,"[2021 국감]조승래 ""메타버스 관련 업계, 다양한 진흥정책이 가장 필요"""
806,"NH농협銀 ""'NH자산+' 100만 가입고객에 300만원 쏜다"""
807,"""국감날에 일기예보 틀려서야""… 진땀 뺀 기상청장"
808,"野 ""권순일, 이재명 재판거래 의혹"" 與 ""윤석열, 판사 사찰"""
809,"서울시, '서울의료원 터 임대주택 반대' 강남구에 ""억지 주장"" 비판"
810,"수습 알바, 임금적용 현행대로…고용부 ""감액제 폐지 계획 없다"""
811,"[26th 부국제] 하마구치 류스케 감독 ""봉준호 존경, 인간적인 매력에 압도 당해"""
812,"토스, '타다' 전격 인수…""연간 12조원 택시 결제 시장 겨냥"""
813,"'연모' 박은빈 ""새로운 도전, 작품 선택 한 번도 후회한 적 없어"""
814,"이준신 ""새만금 스마트산단, 韓그린뉴딜 선도"""
815,"""대장동 특검 수용하라""…국민의힘, 도보 투쟁 이어 천막 농성 돌입"
816,"'K-라면' 열풍… 농심 ""'신라면·짜파게티' 뉴욕매거진 최고의 라면 선정"""
817,"""소비자물가 더 높아질 것…달걀 도매시장 시범 운영"""
818,"광진윈텍 주가 3%↑…""120억 규모 전환사채 발행"""
819,"김 총리 ""일상회복 대비 '재택치료' 조속히 정착"""
820,"에이텍 주가 18%↑...""이재명, 차기 정치지도자 선호도 1위"""
821,"""투여 뒤 최소 4일간 성관계 금지""… 먹는 코로나약 주의 사항 눈길"
822,"정부 ""10월 물가 더 오를 것""…계란 도매시장 만든다(종합)"
823,"D.P.와 군대 다르다더니…""가혹행위 목격"" 70% ""당했다"" 60%"
824,"민주당, 윤미향 제명 요구에 ""당 소속 아냐"""
825,"경기도 교육청 ""명확하게 진상 규명하지 않으면 예산 전액 회수"""
826,"[2021 국감] ""메타버스 기업 94%, 정부 진흥 정책지원 원해"""
827,"대한상의, 온실가스 감축안 상향에 ""실현 가능성 낮아"""
828,"서산 ‘손도끼’ 사건 큰딸 ""형사과장 사과하러 온다는데 면피용인 듯"""
829,"""생전 엄마가 좋아한 음식 배달시켰는데…"" 장례식장 감동 배달"
830,"현직 고등법원장, 권순일 의혹에 ""당혹스럽다…불공정 여지"""
831,"헌재 ""교도소장의 수감자 우편물 개봉·열람 조치는 정당"""
832,"여야 ""권순일, 취업 심사 없이 화천대유 고문"" 질타"
833,"이재명 측 ""경선 57% 지지율 기대...원팀 위해 유시민도 나설 것"""
834,"완주 비비정예술열차, ""뉴트로 입고 달려요!"""
835,"조은희 서초구청장 ""이재명 경부고속道 지하화, 내 정책 표절"""
836,"입주자 모집에 '자소서' 요구한 청년주택 논란…""불행 배틀하면 되냐"" vs ""공동체 생활 물은 것뿐"""
837,"건강기능식품 섭취 후 이상사례 3,628건…""최고 수위 처분이 홈페이지 공개"""
838,"배달 직전 손님이 보낸 황당 문자…""돈은 내일 주겠다"""
839,"李·尹 유년기 옷차림 비교에… 홍준표 측 ""가난 이용, 취약계층 욕보이는 것"""
840,"""사위 싫다"" 결혼식 참석 거부한 母…김민정 ""딸 부부가 감정 쓰레기통""(썰바이벌)"
841,"""탈레반 우회해 아프간 주민에 '달러 살포'""…서방의 비밀계획"
842,"국민대 학생 94.4% ""김건희 논문 재조사해야"""
843,"우원식 ""윤우진 前 세무서장 뇌물수수 사건 무마 의혹"""
844,"""인천 아파트 유리 청소 추락사는 인재"""
845,"우리산업 주가 6%↑...""올 상반기 5841억 신규 수주 달성"""
846,"고용부 장관 CJ대한통운·쿠팡 등 CEO에 ""배송인력 근로시간 관리개선"""
847,"[팩트인사이드] 홍준표 의원 ""징병제를 실시하는 국가는 31개국 뿐이다"""
848,"WSJ ""미군, 대만서 최소 1년간 비밀리에 군사훈련"""
849,"기재 차관 ""'오징어게임', 타 산업까지 열풍…서발법 입법 총력"""
850,"안경덕 장관, 쿠팡·CJ통운에 ""유통·물류업계 질병 증가 개선해라"""
851,"재택치료 시스템 점검나선 김총리…""재택치료 조속 정착"""
852,"외교부, 일본 수도권 5.9 강진...""한국인 피해 없어"""
853,"라임 펀드 사기 이종필 15년형 받고 ""10년 더"""
854,"천화동인 1호 이한성 ""배당금 정치자금 사용 의혹 말 안돼"""
855,"""감사합니다만, 세차 사양합니다"" 메모 남긴 조국… 왜?"
856,"재계, 온실가스감축목표 40% 상향에 ""경제에 부담주는 무리한 목표"""
857,"금감원 ""장외 주식양수도 계약 시점에도 대량보유 보고 공시해야"""
858,"'뭉찬2' 안정환 감독 ""올림픽 스타 3인 중 정식 입단 선수 있어"""
859,"""한글날 연휴 즐기러"" 공항 찾는 발길...수도권 확산 계속"
860,"""백신 맞고 생리 멈췄는데 내과 가라""…'기타'가 된 712명"
861,"이소영 ""특허청, 특허 담보 활성화 방안 찾아 스타트업 지원해야"""
862,"""작년 말 주가로 회귀"" SK하이닉스 연중 최저가"
863,"서영교 ""1월1일·부처님오신날·제헌절·성탄절도 대체공휴일 줘야"""
864,"""숲도 지키고, 건강도 지키고""…‘쓰담 달리기 캠페인’"
865,"프리엠스 주가 7%↑...""이재명, 대통령 적합도 25%로 1위"""
866,"자영업자 단체 ""‘나라 곳간’ 핑계 말고, 100% 손실보상 결단하라"""
867,"""죽고 싶다""던 남성 빌딩 9층서 추락했지만 기적같이 생존…BMW는 박살"
868,"검찰 ""정영학 보호조치 요청한 사실 없다"""
869,"UN 식량농업기구 ""세계 식량 가격 최근 10년새 최고치"""
870,"경찰, 천화동인 1호 이한성 대표 소환...""배당금 정치자금으로 쓰지 않았다"""
871,"이재명, 물리학자와 과학 수업… ""정치 리더는 과학적 사고 필수"""
872,"코로나 재택치료 확 늘린다…""확진 10일후 격리 해제"""
873,"""레즈비언은 질병"" 병원 진단에 스페인 동성애자 집단 뿔났다"
874,"입시비리 재판 출석한 조국, 車 유리창에 ""세차 사양합니다"""
875,"동화기업 주가 8%↑...""전해액 사업 부문 주목, 하반기 실적 호조"""
876,"""수소 좀 안다고 생각했는데…"" 여수서 한달음에 킨텍스 찾은 연구원"
877,"윤석열 ""제 인생 가장 긴 100일""…홍준표 ""깨끗한 제가 정권교체"""
878,"野 '평택 현덕지구=제2의 대장동?'…이재명 ""황당하다"""
879,"에스엘 주가 13%↑...""GM향 물량 증가할 것"""
880,"""직관·팔찌·프랑스행""…손흥민 지수 꾸준한 열애설"
881,"WHO ""북한, 남포항 통한 지원물자 1년 만에 반입 허용"""
882,"""돈 받고 싶으면 내려"" 아버지뻘 택시 기사 무차별 폭행한 의사"
883,"`권순일 화천대유 거액 고문료` 논란에 대전고법원장 ""당혹스럽다"" 비판"
884,"솔루스첨단소재 주가 10%↑…""'mRNA 백신 원료' 사업 본격화"""
885,"조승래 ""메타버스 관련 업계, 가장 필요한 것은 '다양한 진흥정책'"""
886,"외교부, 일본 강진 관련 ""한국인 피해 없다"""
887,"정부 ""10월 물가 더 높아질 것""…계란 도매시장 2곳 시범운영"
888,"한세실업 주가 5%↑...""4분기 이후 실적 기대치 상향"""
889,"""‘아파트 유리창 청소’ 20대 가장 추락사는 인재"""
890,"""최민정 토나와""""김아랑 XX"" 심석희, 동료 비하 충격문자"
891,"은수미 성남시장, ""온실가스 감축위해 노력하겠다"""
892,"""가슴 만지고 성희롱·칼에 찔리기도…"" 환자 ‘갑질’에 멍드는 간호사들"
893,"‘조디악 킬러’ 신원 밝혀냈다는 주장에 경찰과 FBI ""그럴 리가"""
894,"박종일 경기도 미래산업과장 ""퓨처쇼, 미래 기술 체험과 상생의 장으로 기획"""
895,"[종합] 공군 여중사 강제추행 가해자 징역 15년 구형…""피해자에 죄송"""
896,"삼성전자 분기매출 70조원 첫 돌파…""반도체가 이끌었다"""
897,"""찢어지게 가난한지 써야 하나""…청년주택 '자기소개서' 논란"
898,"설명근, 대낮 음주운전 사고…'코빅' 측 ""향후 출연 계획 없다"""
899,"유승민 ""고평가된 거품주로는 李 못이겨""…尹 ""‘내로남불’ 정권 교체"""
900,"""세차 사양합니다"" 조국 차량에 놓여진 안내문 [포착]"
901,"""즐거운 학교 생활 지원""…오산시, 오산혁신교육지구 중고연계 연극동아리 이수식 개최"
902,"""접종자 20만원 드려요""…가톨릭대, '백신 장학금' 신설"
903,"故최진실 아들 지플랫, 손가락 욕 논란…""행동 주의할 것"" 사과"
904,"""코로나 극복 함께 합시다""…과천시, 시민의 날 기념 유공시민 시상식 개최"
905,"""엄마가 모유 먹이면 아기의 ‘식품 알레르기’ 예방"""
906,"서삼석 의원 ""메틸브로마이드, 안전성 평가 강화 필요"""
907,"정부 ""중환자 의료대응, 확진자 5000명씩 나와도 문제없어"""
908,"더이앤엠 ""루카에이아이셀, 코로나19 진단키트 유럽 인증 획득"""
909,"""주민 통합의 계기가 되길""…과천시새마을회, 개천절·한글날 기념 '태극기 달기 운동' 진행"
910,"""기다렸는데, 왜 이제 왔니, 반가워"" 사우디 관광청 한국 진출"
911,"직원들 트럭시위에…스타벅스 ""겨울 e프리퀀시 행사 2주 연기"""
912,"""아이 먹일 돈가스에 2cm 톱날이""…업체 ""신고했으니 보상 못해"""
913,"""너무 짠하다""…최정윤 ‘독박육아’에 오은영이 했던 말"
914,"황교안, '주술 논란' 윤석열에 ""기회 되면 전도해보겠다"""
915,"김일윤 ""하나된 한반도 위해 희망의 끈 공고히 하는 캠페인 진행하겠다"""
916,"""용인 고기근린공원에 사연·추억이 담긴 문구를 남겨보세요"""
917,"스타벅스, 연말 다이어리 이벤트 연기…""개선 방안 마련"""
918,"김웅 ""녹취 흘리기 전형적 낡은 정치 수법…조성은과 통화 기억못해"""
919,"중국서 ‘KF94’로 둔갑한 중국산 마스크 3만4,000건 판매...""한국산 신뢰도 떨어져"""
920,"레고랜드 코리아 ""지역민 상시할인 이미 논의 중"" 할인 미검토 주장 반박"
921,"""편안한 이불핏 우루사 후드티 입으세요"""
922,"전북서 31명 코로나19 확진, ""오늘부터 임산부 백신 사전 예약 실시"""
923,"""권순일, 취업심사 없이 화천대유 고문""…행안위 국감 질타"
924,"""물을 무서워했는데""…현장 실습중 숨진 고교생 친구들 ‘오열’"
925,"""생전 엄마가 좋아한 음식 배달시켰더니…"" 장례식장 감동사연 화제"
926,"""폭발 소리"" 9층서 뛰어내리고도 살아난 남성, 외투 덕분?"
927,"완주군의회 서남용 의원, ""벼이삭도열병 등 병충해 피해 대책 마련해야"""
928,"與 '고발사주' 尹맹폭…""깡패의 시간"" ""후보자격 유지 끝"""
929,"헌재 ""교도소장 수감자 우편물 열람·개봉 조치는 정당"""
930,"이통3사, 아이폰 13 공식 출시...""프로 모델 인기"""
931,"""걷고 인증하세요""…화성시장애인체육회, '비대면 힐링 걷기 프로그램' 운영"
932,"김웅 ""조성은과 통화 사실 부인한 것 아냐…기억 못해"""
933,"김복철 NST 이사장 ""北 국가과학원과 과학기술 연구협력 추진할 것"""
934,"[5min] 윤석화 ""연극은 나의 '자화상'...더 뜨겁게 꿈꿀 것"""
935,"고용진 의원 ""곽상도 아들 50억 퇴직금 아냐""…국세청 ""살펴볼 것"""
936,"""이별 후 3일 만에 전화 받았더니 ‘살려달라’고…"" 차예련, ♥주상욱과 결혼한 이유"
937,"블룸버그 ""中 전력난으로 전세계 스태그플레이션 우려"""
938,"""반도체 정보 달라"" 美 요구에 거센 반발… 국방물자법 발동하나"
939,"""수소도시 구축에 앞서 수소공급도시 먼저 구체화 돼야"""
940,"박용진 ""이준석, 바짓가랑이 잡고 늘어지지 마라"" 일침"
941,"""美 핵잠수함, 남중국해 상서 충돌 사고""… 뭐에 부딪혔나"
942,"남자가 데이트비 내야 한다고?… 日여성 80% ""아니다, 공평하게"" [이동준의 일본은 지금]"
943,"김승남 의원 ""농기계 교통사고 피해자, 72%가 고령자"""
944,"""나중에 커서 수소차 살래요""…넥쏘 타본 아이들 반응"
945,"코로나 재택치료 확 늘린다…""확진 10일후 격리 해제"""
946,"조은희 ""이재명, 경부고속道 지하화 공약…내 정책 도둑질"""
947,"故 변희수 하사 전역 처분 취소...""바뀐 성별 기준으로 심신장애 판단해야"""
948,"김웅 ""녹취 유출, 대장동 은폐 공작… 언론에 마치 ‘밑밥 뿌리기’식"""
949,"현대重 ""수소추진선 수주 임박…수전해 사업도 내년 본격 시작"""
950,"""미군 1년 이상 대만서 비밀훈련""…대만해협 긴장 속 시진핑 연설 주목"
951,"""병원·약국은 회복기간도 보상, 자영업자는 왜 보상 없나"""
952,"""성남시의장 30억, 실탄은 350억""...11일 김만배 소환"
953,"장례식장 온 배달음식·돈봉투 화제…점주 ""고인 좋아한 음식"""
954,"""이재명 옷, 윤석열 옷""…홍준표측 ""가난을 스펙활용 말라"""
955,"[26th 부국제] 김성균 ""'싱크홀'로 동네 학부모들 사이에서 빛 발해"""
956,"""승합차로 환자 태우고 병원 돌며 마약성분 진통제 쇼핑"""
957,"""심근염 부작용"" 북유럽 국가 30대 이하 모더나 접종 일시 중단"
958,"[2021 국감]""NIA 디지털배움터, 부산 중구만 7곳…용인시는 단 1곳"""
959,"""中 전력난으로 전 세계 스태그플레이션 충격 우려"""
960,"[26th 부국제] '싱크홀' 김성균 ""이광수, 커피차에 굴욕 사진 도배해서 보내"""
961,"서울시 ""두 달 간 노인 관련 시설 확진자 63%가 돌파감염"""
962,"통계청 ""쌀 생산 9% 증가""…수확기 가격 하락 예상"
963,"박형수 ""작년 '부동산 증여' 27조""…文정부 출범 후 '2배'로"
964,"스타벅스 다이어리 행사 연기…""개선안 마련"""
965,"WHO ""내년 중반까지 세계 인구 70% 접종 목표"""
966,"[26th 부국제] '싱크홀' 이광수 ""마을 통째로 옮긴 큰 세트장에 부담감"""
967,"‘故 최진실’ 아들 최환희 측 ""손가락 욕 사진, 아무런 의미 없어"""
968,"""코로나19 이후 위생단속 적발 배달 음식점 10배 증가"""
969,"[특징주]큐로컴, 씨드모젠 복지부 코로나19 백신 구축 사업자 선정 강세…""스마젠 협력 부각"""
970,"식약처장 ""먹는 코로나19 치료제 도입 시 신속·안전하게 검증"""
971,"노벨문학상 통보에 텔레마케터인 줄 알고 ""꺼져! 날 냅둬"""
972,"국민의힘 2차 컷오프 통과한 유승민 ""고평가 거품주는 승산 없어. 우량주 뽑아달라"""
973,"UN 북한인권특별보고관 ""북 인도적 상황 위기""…미 국무부, ""대북 인도적 지원에 최선 다할 것"""
974,"정영학-김만배 녹취록 확인 ""성남시의장 30억·의원 20억·실탄은 350억"""
975,"[人사이더] ""뭐야, 이건 공약 도둑질이지""… 李 저격한 조은희"
976,"조국 ""감사합니다만 세차 사양합니다"""
977,"천연기념물 잡아먹어도 속수무책…""새 진돗개 보호법 만들어주세요"""
978,"""장외 주식양수도·CB콜옵션 계약 체결땐 즉시 보고해야"""
979,"미국인 63% ""북한이 한국 공격할 때 미군이 한국 방어 지지"""
980,"헌재 ""수감자에게 전달될 우편물을 먼저 확인한 교도소장 정당"""
981,"""이재명, 조은희표 정책 표절… '공약' 도둑질 수준"""
982,"中 쇼핑몰서 '짝퉁' KF-94 마스크 판매...김강립 ""직접 단속은 한계"""
983,"K-백신으로 정권 홍보?...김강립 ""최선의 결과 내겠다"""
984,"""퍼스트 무버 되려면 수소 기술 투자해야…구체적 로드맵 필요"""
985,"국토교통진흥원 ""2031년 수소 가격 1㎏당 3900원까지 내리는게 목표"""
986,"4·3 국가배상 판결… ""판사냐, 정치인이냐"""
987,"""정부, 기업 등 경제주체 혁신 유도 위해 공정 경쟁·고른 기회·차등 보상 강화를"""
988,"홍남기 ""합성생물학·백신 전임상 생태계 조성…통관도 바꾼다"""
989,"최태원 商議회장 ""시대변화 점검·새 방향 모색…시의적절한 주제"""
990,"국제에너지기구, 러시아에 ""유럽으로 가스 수출 늘려라"" 압박"
991,"""정부, 한국형 신산업 ‘시장 창출’ 정책을… 산업 개입 금물"""
992,"조은희 서초구청장 ""이재명 경기지사의 ‘경부고속도로 지하화 공약’은 정책 도둑질"" 맹비난"
993,"前독일 장관이 ""일본해는 일본해, 국제가 인정"" 이 영상 정체"
994,"불독 인형 가리키며 ""구린내 나서 대똥이 됐다""…與 발끈"
995,"""日, 이즈모 경항모로 평화헌법에서 자유로워져"""
996,"美 ""北 인도주의적 상황, 정권 책임 커"""
997,"""WHO 대북 지원 코로나 의약품, 남포항에 반입"""
998,"구리시의회 ""체질개선 나섰다""...역량 강화 중점"
999,"태영호 ""임원 억대 연봉…신입 최저임금 수준"""
1000,"이동진 구청장 ""기후위기 인권 위협...협력 절박"""
1001,"미국인 63% ""북한의 한국 침공 시 미군의 지원 지지"""
1002,"식약처장 ""먹는 코로나19 치료제 도입 시 신속·안전하게 검증"""
1003,"류성걸 ""화천대유 장기차입금 횡령 의심""…국세청장 ""살펴볼것"""
1004,"유시민, 盧재단 이사장 퇴임…이재명측 ""우릴 도울거라 기대"""
1005,"SK ""화천대유 연루설 사실무근""…무차별 의혹제기에 강력 법적대응"
1006,"자영업자들 ""코로나 손실보상"" 시위"
1007,"""모성보호, LG디스플레이가 함께""… 임산부 배려 문화확산 앞장"
1008,"박수영 ""50억 클럽 일부, 돈 받고 차용증 써 빌린 것처럼 위장"""
1009,"""美·中 기술전쟁 10년이상 갈 것… 韓 ‘초격차 전략’이 살 길"""
1010,"""美·유럽 가자"" 예약 급증… 항공·여행업계 ‘화색’"
1011,"기후변화·디지털 전환 등 ‘장기 메가트렌드’ 대응을"""
1012,"""국회·정부 역할 중요… 산업전환 각종 지원 강화해야"""
1013,"""10월 물가상승률, 9월보다 높을것… 4분기 더욱 적극 대응"""
1014,"""글로벌 공급망 3~5년내 재편…脫중국·超혁신·强연대 해야"""
1015,"기재차관 ""10월 물가, 9월보다 높아질 것…적극 대응"""
1016,"김강립 처장 ""먹는 코로나19 치료제, 안전성 신속·철저 검증"""
1017,"서울시 ""최근 2개월 노인 관련 시설 확진자 63%, 돌파 감염…추가 접종 준비"""
1018,"통일부 ""북중 해상 물류 재개 동향...육로는 아직"""
1019,"'4강 진출' 유승민 ""끝까지 최선 다해 자랑스런 후보 되겠다"""
1020,"4강 진출 윤석열 측 ""'내로남불' 발붙이기 어려운 시대 열겠다"""
1021,"'4강 진출' 홍준표 ""정권교체 이루고 나라 정상화 시킬 것"""
1022,"국민의힘 2차 컷오프 통과한 홍준표 ""깨끗한 홍준표가 나라 정상화 시키겠다"""
1023,"4강 진출 원희룡 ""이재명에게 압도적 승리 가져올 것"""
1024,"신축 학교 ‘모듈러’로 짓는 시범사업 추진…""충분한 정책 설명 필요"""
1025,"이재명, 김상욱 교수와 수업… ""‘과학이란 무엇인가’ 주제로 대화"""
1026,"정운천 의원 ""전통주 산업 발목 잡는 과세체계 개편해야"""
1027,"공군 성추행 가해자에 징역 15년 구형… ""성범죄 근절 군 노력 헛되게 해"""
1028,"고민정 ""윤석열 부정식품 발언 부적절…식약처가 지적해야"""
1029,"""조용한 곳 찾다가""…최진혁, 4단계 때 불법운영 주점서 술마시다 입건"
1030,"김원이 ""의사 증원보다 의대 신설이 먼저"""
1031,"자영업자비대위 20일 촛불집회 검토…""손실보상 100% 해야"""
1032,"""호주산 금지"" 큰소리 친 中… 뒤로는 구리·면화 수입해왔다"
1033,"美 ""AI·첨단 위성 등 총동원해 北核 감시 강화할 것"""
1034,"""구속 발언 책임져라"" - ""野와 내통? 네거티브 전형"""
1035,"""北 드론 위협 급증… 한국군 대비태세는 미흡"""
1036,"""美 특수부대, 1년 넘게 대만서 비밀훈련"""
1037,"""정권 교체"" 52% - ""정권유지"" 35%"
1038,"檢 ""조국 아들, 허위 체험활동 보고서로 한영외고 출석 인정"""
1039,"‘비혼 출산’ 사유리 ""상처 많이 받아""…국감 출석 요청 거절"
1040,"""핼러윈도 코앞"" ""특수 잡아라""…‘오징어게임’ 키워드상품 급증"
1041,"대기업 식품에서도 '곰팡이'…""실질적 먹거리 안전관리 대책 필요"""
1042,"이재명 측 ""尹아내 점에 심취...천공스승에 국가 중대사 맡길건가"""
1043,"""돈 받고 싶으면 따라 내려"" 아버지뻘 택시기사 마구 때린 의사"
1044,"""재택치료 대폭 확대"" 70세 미만 무증상·경증 확진자까지"
1045,"""에어팟 공짜로 드려요""…10대 노리는 SNS '이스터에그' 사기"
1046,"차이잉원 ""군사적 대립 원치 않지만 대만 자유 지키기 위해 무엇이든 할 것"""
1047,"이재명 측 직격탄 ""윤석열 천공스승 조언이라니, 경악…대단한 무속인 사랑"""
1048,"""갈 데까지 갔다"" 자영업자들, 거리두기 연장 시 '강경 대응' 예고"
1049,"국민의힘 최종 경선 진출한 윤석열…""미래비전·국민통합 행보 보이겠다"""
1050,"NDC 40% 반대하는 이유는?…""산업계 감축, 기존 목표보다 8% 올랐을 뿐"""
1051,"""모두 함께 꽃길만 걸어요""… 인제군, 가을꽃 축제 개막"
1052,"<사설>참여연대·민변까지 ""공공의 탈 썼다"" 이재명 비판"
1053,"압구정 60평 72억 거래…""평당 1억이 기본 이네요"""
1054,"""개별사건 처리를 넘어 제도개선""...소외받는 이들의 ‘대변자’ [피플 & 스토리-‘1세대 공익변호사’ 염형국]"
1055,"자영업자단체 ""영업·인원제한 철폐 안 하면 20일 총궐기"""
1056,"산업계, ""NDC 40% 불가능…이상 아닌 현실적 목표 수립해야"""
1057,"""성실한 남편의 배신...동성애 데이팅앱서 음란대화에 충격"""
1058,"""장례식장서 배달음식 주문했더니 영수증에…"" 유가족 놀라게 한 업주 행동"
1059,"LH 청년임대주택도 '반전세화'…천준호 ""보증금 지원 확대해야"""
1060,"조은희 ""이재명 '경부고속道 지하화' 공약 도둑질… 내가 기획, 오세훈 추진중"""
1061,"커지는 인플레 압력…기재차관 ""10월 물가 더 오른다"""
1062,"김용민 ""김기현, 워렌 버핏도 울고 갈 투자 귀재…도로 휘어지게 해"""
1063,"미래기술까지 끌어와 NDC 40% 폭탄…산업계 ""배출권 가격 치솟나"" 초비상"
1064,"국내유일 민간 '일본전문가과정' 출범…""日 바로알기 초점"""
1065,"[이슈인사이드] ""화천대유, 분양가상한제 미적용 2,699억 더 챙겨"""
1066,"홍남기 ""합성생물학・백신 전임상 생태계 조성…통관도 바꾼다"""
1067,"통일부, WHO 지원품 北 반입에 ""북중 해상 전달 동향"""
1068,"""거리두기 때문에 못살겠다""…자영업자비대위 20일 광화문 촛불집회 예고"
1069,"'오징어게임' 체육복, 2019년 원조라는 中…박준형 ""난 2013년"""
1070,"자영업자들 ""코로나19 피해 100% 손실 보상하라"""
1071,"[속보] ""안심밴드 착용 후에도 자택 이탈한 확진자는 고발·시설격리"""
1072,"익랑, 중수, 중창, 후불탱…""읽을 순 있겠는데 무슨 뜻이지?"""
1073,"최진혁, 불법 영업한 유흥주점서 적발…소속사 ""불법 운영인지 몰랐다"""
1074,"6만명이 자치경찰…일선 경찰관 ""소속 지자체로 이관해야 실효성"""
1075,"100일 맞는 자치경찰제…""예산 증액·인사권 부여를"""
1076,"정부 ""2030년까지 탄소 40% 줄여라"""
1077,"김만배 ""난 정치자금 대야한다""… 檢 ‘350억 실탄’ 정조준"
1078,"미국인 63% ""북한 공격 시 미군의 한국 방어 지지"""
1079,"조은희 ""이재명 ‘경부고속도로 지하화 공약’은 내 정책 도둑질"""
1080,"[2021 국정감사]양정숙 의원 ""NIA '디지털배움터'사업, 지자체별 편차 커"""
1081,"""세차 사양합니다"" 법원 출석한 조국이 주차 후 붙인 안내문"
1082,"국방부 ""트랜스젠더 군복무 방안 연구할 것"""
1083,"강북 아파트값 평당 4000만원 시대 ‘초읽기’...""1년 반 전 강남 가격"""
1084,"""러시아, 아프간 국제회의에 탈레반 대표 초대"""
1085,"""아파트 유리창 청소 20대 가장 추락사는 인재"""
1086,"""강원 7개 시군, 감사원 정기감사 10년 이상 안 받아"""
1087,"""TK, 유승민에 마음 열고 있다 중도·수도권·청년에 강한 후보"" [캠프 좌장에 듣는다 ④유승민캠프 오신환 종합상황실장]"
1088,"[2021 국감] ""필수교육 받으세요, 농번기에""···청년농 훼방 놓는 농정원"
1089,"""거래신고만 하고 등기 안 한 이상거래…현미경 검증 나선다"""
1090,"""유승민, 與가 가장 두려워하는 후보...곧 터닝포인트 올 것"" [캠프 좌장에 듣는다 ④유승민캠프 오신환 종합상황실장]"
1091,"만취녀에 폭행당한 40대 가장 ""성추행범 됐다면 가정 박살났을 것"""
1092,"""AI로 건강관리""...KT-한국건강증진개발원 ‘맞손’"
1093,"[속보] ""안심밴드 착용 후에도 자택 이탈한 확진자는 고발·시설격리"""
1094,"김총리 ""여행·공연 등 손실보상 제외업종 별도 지원책 마련"""
1095,"송영길 ""국힘·부패검찰 한통속 드러나""…‘고발 사주’·野 투기 의혹으로 대장동 ‘역공’"
1096,"日 외무성 ""일본해가 유일한 공인 명칭""...10개국 언어로 선전 동영상"
1097,"[속보] 정부 ""재택치료자 사용하는 자가격리앱에 GPS 탑재해 이탈 확인"""
1098,"김강립 ""신풍제약 코로나 임상 섣불리 언급하기 조심스러워"""
1099,"‘4강’ 원희룡 ""이재명, 도적 소굴의 두목… 측근들 수백억 챙겨"""
1100,"자영업자비대위 ""거리두기 완화 안하면 20일 광화문서 촛불집회"""
1101,"이준석 ""이재명, 무능이냐 부패냐 딜레마"""
1102,"송영길 ""손준성, 尹 때문에 패가망신 범죄"""
1103,"자영업자단체들 ""100% 손실보상·방역 완화""…20일 총궐기 예고"
1104,"정부 ""10월 소비자물가, 9월보다 높아질 것… 적극 대응 필요"""
1105,"민주당, 윤미향 제명 요구에 ""사실 관계 확정 절차 필요"""
1106,"양제츠와 긴장완화 합의 직후...설리번 ""대만 방어는 美의무"""
1107,"[풀뿌리상권 살려내자]""야채 필요한 만큼 사세요""…캠핑족에게 인기 `홍천중앙시장`"
1108,"정상원 이스트소프트 대표 ""메타버스 혁신, 실용적 AI가 이끈다"""
1109,"10살 손녀 5년간 수차례 성폭행한 70대…""극히 반인륜적"" 징역 17년 선고"
1110,"[속보] 정부 ""재택치료자 사용하는 자가격리앱에 GPS 탑재해 이탈 확인"""
1111,"김병우 충북도교육감 ""한글의 소중한 의미를 되새기자"""
1112,"이재명 ""배당 중단·부당이득 환수하라"" 이제 와서…"
1113,"아지트가 필요한 평범한 사람을 위한 공간 …""플랫폼 슈퍼마켓으로 오세요~"""
1114,"""문화재냐 수분양자 구제냐""...‘뜨거운 감자’된 장릉 앞 아파트"
1115,"디젤 연료 없는데 디젤 발전소…CNN ""미국, 아프간서 수천억달러 허비"""
1116,"태릉도 갈등...주민들 유네스코에 ""개발 막아달라"" 서한 보낸다"
1117,"""정부 세금 사용 부적절"" 46%, ""적절"" 응답의 3배"
1118,"이란 ""한국 드라마 방영 금지 시킬 것"" 경고…8조원 둘러싼 갈등, 왜?"
1119,"‘명낙’ 마지막 호소…낙측 ""3~4% 변화"", 명측 ""대세 결정"""
1120,"'대장동 특검' 천막농성 국민의힘에…정청래 ""망조의 길"""
1121,"""K-대추에 세계 입맛 매료"" 산림청, 스낵·차·양갱 등 품목개발·수출지원"
1122,"임해종 가스안전공사 사장 ""가스사고 줄인게 최대 성과죠"""
1123,"""이자 몇 배 비싸도 대출 받아 다행""…P2P·사금융으로 내몰린 전세난민 [헤럴드 뷰-가계대출 봉쇄되나]"
1124,"통일부 장관 ""평화 뉴딜, 한국 경제 새로운 도약의 길"""
1125,"인간성회복운동추진협의회 ""이재영·다영 사과하고 떠나길"""
1126,"""회유와 겁박 받아""…최성봉, ‘거짓 암투병’ 의혹에 진단서 꺼냈다"
1127,"""지하주차장이 갤러리로""…현대건설 ‘5 세컨드 갤러리’ 선보인다"
1128,"김 총리 ""여행업 등 손실보상 제외업종, 별도 지원책 마련"""
1129,"중기부 ""소상공인 손실보상 최대한 신속히 집행"""
1130,"조은희 서초구청장 ""이재명 ‘경부고속도로 지하화’ 공약, 내 정책 표절"""
1131,"조국 ""‘세차 사양’합니다"" [청계천 옆 사진관]"
1132,"동화약품 주가 2%↑…""화이자, 미국서 5∼11세 어린이 백신 긴급사용 신청"""
1133,"""일상회복 신호?"" … 되살아난 백화점 3분기 성적표"
1134,"4강 진출 원희룡, 崔·黃 제친 비결은…""이재명 잡을 대장동 ‘1타 강사"""
1135,"""수소에너지 전환, 시민사회와 함께가야 성공"""
1136,"윤화섭 안산시장, ""살맛나는 상생도시 안산 이어갈 것""..인구구조 변화 대응분야 최우수 수상"
1137,"""돈가스서 뾰족한 쇠붙이가""…4살아이에 주려다가 '화들짝'"
1138,"""과도한 온실가스 감축 목표, 기업경쟁력에 심각한 부작용"""
1139,"국민 절반 ""내가 낸 세금 부적절하게 쓰인다"""
1140,"""분수 몰라"" ""설치지 마라"" 홍준표, 김웅‧윤희숙 저격글 올렸다 삭제"
1141,"美 CIA, '중국미션센터' 설립, 대중첩보망 강화...""中, 최대위협""(종합)"
1142,"[포토] 조국, 공판 출석…주차한 차량에 ""세차 사양합니다"""
1143,"근로장려금 받는 고소득자…국세청장 ""공정 문제, 제도개선 건의"""
1144,"""이제 원희룡의 시간""…뒷심 발휘한 원희룡, 4강 안착 소감"
1145,"국민의힘 대선후보 경선 '본게임' 4강 주자들 ""내가 정권교체 적임자"""
1146,"'지리산' 전지현·주지훈 아이콘택트 스틸 ""서로 호흡 좋았다"""
1147,"'펄쩍펄쩍' 뛰며 입장…""새벽 6시, 아이폰13 사러 왔어요"" [현장+]"
1148,"""곰돌이 푸, 행복한 일은""..서울 지하철 최고 기관사의 멘트는?"
1149,"전경련 ""NDC 목표치 달성 불가능…산업경쟁력 약화·일자리 축소 우려"""
1150,"""K-백신 개발, 전임상 지원제도 영구화"""
1151,"푸틴 ""공급 늘린다"" 한마디에 가스값 안정…에너지업계 러시아 위상 확인"
1152,"""안전하고 행복 넘치는 지하철 만들겠다""···'최우수 방송왕' 된 신찬우 기관사"
1153,"배우 최진혁, 유흥주점서 방역수칙 위반 입건…""불법 몰랐다"""
1154,"""쭉쭉 내린다""…SK하이닉스, 나흘 연속 장중 연 최저가"
1155,"정희용 의원 ""정부 원전 운영 허가 지연, 경북 지방세수 1140억 감소"""
1156,"기재차관 ""10월 물가 더 높아질 것"""
1157,"옥스퍼드 영어사전에 '한복' 등재...서경덕 ""중국 억지 주장에 더 의미"""
1158,"국세청장, 대장동 사건에 ""문제 있으면 엄정 조치"""
1159,"이낙연 측 ""설훈 '구속 발언'은 가정"" vs 이재명 측 ""정치적 책임져야"""
1160,"""나는 돈주고 공기 산다"" 금강송 청정산소캔 출시 임박, 무슨 맛?"
1161,"‘주술 공방’ 우려에 유승민 측 ""최순실 트라우마…검증해야"""
1162,"국세청 전관에 5억 고문료?…국세청장 ""세정협 폐지까지 검토"""
1163,"건강검진, 비사무직 매년 vs 사무직 2년에 1번…""근거없다"""
1164,"""윤미향 제명하라""…민주당 답변은 ""당 소속 아냐, 확정 절차 필요"""
1165,"아우디 굴리는데 月135만원 쓰는 20대…""월수입 180만원입니다"""
1166,"""문 연지 한달 넘었는데 또"" … 유통가, 잇단 사업조정신청 골머리"
1167,"철강·반도체·車·조선·발전 ‘멘붕’...산업계 ""실현 불가능 목표"" [온실가스 감축목표 대폭 상향]"
1168,"김웅, ‘고발사주’ 통화내용 공개에도 ""기억 안 나요"""
1169,"4차 공모 심사평 ""책과 삶 연결짓는 적극적 독서 두드러져"""
1170,"""기독교서회, 천대받던 한글이 주류언어 되는 데 기여"""
1171,"‘노벨문학상’ 압둘라자크 구르나 ""지금 세계는 60년대보다 더 폭력적"""
1172,"""여수 특성화 고교생 현장실습 중 사망…진상 밝혀야"""
1173,"김용연 서울시의원 ""학교 급식실 조리종사자 근무환경 개선방안 모색해야"""
1174,"이준석 ""특검 요구가 이간질?…朴정부 말 특검 요구한 민주당도 이간질한 것"""
1175,"당근마켓에서 명품시계·골드바 거래...""세금 물어야"""
1176,"외신, ‘오징어 게임’ 흥행 후유증 조명…""전화번호 등 사생활 침해"""
1177,"국민의힘 4강 티켓 거머쥔 원희룡 ""대장동 게이트 1타 강사"""
1178,"""이러다간 다 죽어"" 뿔난 자영업자들, 민노총과 같은 날 시위 예고"
1179,"""한국, 독자 핵무장하고 미국은 지지해야"" 美전문가 주장 나왔다"
1180,"""더 줄이겠다""...정부, 2030년 탄소감축 목표 26→40% 상향"
1181,"고3 실습생 사망···""교육부장관 사과하고, 안전 전수조사 해야"""
1182,"무서운 지하주차장? ""NO""...'5초 갤러리'로 변신 시작했다"
1183,"""골목길 안 올라가줘서""…택시기사 무차별 폭행한 의사 벌금형"
1184,"새벽에 음식 주문하더니…""내일 입금할테니 일단 보내달라"""
1185,"""지하철·길거리서 한국 여자들을…"" 중국 틱톡서 일반인 몰카 성행"
1186,"원희룡 ""이재명 부동산 깐부 몇명? 前선대본부장 수백억 받은 의혹"""
1187,"조은희 ""이재명 경부고속도로 지하화 공약, 정책 도둑질"""
1188,"""쾌적한 주거환경 조성""…파주시, 교하 하수관로 정비사업 본격 추진"
1189,"송영길 ""손준성이 尹 처·장모 보호하려 패가망신할 범죄 하겠나""…與, 윤석열 ‘직격’"
1190,"내년 보험산업 성장률 3.2% 전망…""사후규제로 전환할 때"""
1191,"자영업자들 ""코로나19로 입은 피해 100% 손실 보상하라"""
1192,"김기현 ""유동규 혼자 그 돈 먹었을까…세탁 과정 너무 뻔해 구린내 진동"""
1193,"AZ→화이자 교차접종 신지 ""머리 울리고 39.8도 열나"""
1194,"""내년 보험사 수입보험료 3.2%↑…'위드 코로나' 대면 영업환경 개선"""
1195,"""안전 사각지대 해소 위해""…파주시, 안전환경조성사업 지속 추진"
1196,"""韓, 수소 제도 가장 앞서 있는 나라""…수소기업 CEO의 자랑"
1197,"4·3연구용역 최환용 ""희생자·유족 고통 치유 초석되길.."""
1198,"4강 진출 원희룡 ""이제 원희룡의 시간"""
1199,"'미우새' 측 ""'방역수칙 위반' 최진혁 방송 분량 최대한 편집"" (공식)"
1200,"국세청장 ""화천대유 사건, 엄정하게 살펴볼 것"""
1201,"SSG닷컴, ‘쓱 키워 포레스트’ 캠페인…""나무 1000그루 심었다"""
1202,"가온브로드밴드, 북미시장 정조준…""협력강화"""
1203,"국세청장, 화천대유 사건 ""모니터링 잘해서 엄정 조치"""
1204,"송영길, 野 경선 겨냥 ""미래 고민은커녕 침·도사·‘王’ 이상한 얘기만∼"""
1205,"이항진 여주시장, 북내면 신남리서 '주민과 함께하는 동네한바퀴' 진행…""마을의 발전 잠재력을 봤다"""
1206,"""매월 10일은 10% 캐시백 받는 날"" 세틀뱅크, 응카데이 이벤트"
1207,"토스, 비운의 모빌리티 ‘타다’ 인수 ""연말 새 서비스 내놓을 것"""
1208,"""커플팔찌·직관 인증…"" 손흥민-블랙핑크 지수 ‘열애설’ 부른 3가지 의혹"
1209,"지인 살해 뒤 암매장한 40대…""다투다가 홧김에 그랬다"""
1210,"[단독] 자치경찰, 全경찰 50%인 6만명…""시민 체감 실효성 ‘제로’"""
1211,"체내 흡수되는 ‘여성청결제’ 관리 기준조차 없었다…""식약처 명백한 책임 방기"""
1212,"""폴더블폰 이 정도일줄은…"" 삼성전자 악재에도 매출 ‘신기록’ [IT선빵!]"
1213,"현대위아 주가 3%↑...""자동차 부문 실적 개선·기계 부문 흑자 기대"""
1214,"현대무벡스 주가 10%↑…""물류 인프라 수요 확대로 수혜"""
1215,"""오징어 게임 보려고 넷플릭스 받았어요""... 韓, 9월에만 100만건 이상 신규 설치"
1216,"與, 윤미향 제명 요구에 ""우리 당 소속 아니다"""
1217,"한류, 인질 잡혔다…이란 ""자금동결 안풀면 韓드라마 중단"""
1218,"""일자리 창출"" vs ""헬기 소음·진동 우려"""
1219,"돈가스에서 발견된 2cm 톱날… 업체 측 ""에어프라이어에서 나왔을 수도"""
1220,"""골목길로 올라가달라""…택시기사 거부에 무차별 폭행한 의사"
1221,"기상청 국감날…""오늘 비 예보 없었다"" 지적에 기상청장 해명은"
1222,"""아이들이 안전하게 보내길""…김상돈 의왕시장, 해링턴플레이스 1단지 키즈카페 방문"
1223,"""함께 이겨내요""…의왕시, 위드(With)&포스트(Post) 코로나 아이디어 공모"
1224,"경총 ""2030년 국가 온실가스 감축목표, 산업현장 고려해 최소화를"""
1225,"""이재명의 옷, 윤석열의 옷""… 홍준표 측 ""가난이 패션이냐"""
1226,"서민은 이미 한계인데… 정부 ""10월엔 물가 더 오른다"""
1227,"최재형 ""평당원으로 정권교체 힘""…하태경 ""더 큰 정치 보답"""
1228,"토스, 타다 지분 60% 인수…""연말 새로운 서비스 개시"""
1229,"도로공사 수의계약 관행, ""유착 의혹 심각"""
1230,"[시그널] 아이패밀리에스씨 ""신규 브랜드 등 화장품 사업 강화""…공모가 최대 4.8만 원"
1231,"전주 시장선거 출마자들 ""선거현수막 안 씁니다"""
1232,"[단독]""자식 건너뛰고 손주에게""…열 살 미만에 5년 간 1.3조 줬다"
1233,"송영길 ""손준성, 패가망신할 범죄 스스로 했겠나""… 윤석열 ‘직격’"
1234,"추미애 ""'고발사주 의혹' 윤석열, 후보직 사퇴하고 수사에 응하라"""
1235,"조은희 서초구청장 ""이재명, 내 정책 표절… 공약 도둑질 수준"""
1236,"이승진 무신사 실장 ""패션 생태계 활성화 위해 다양한 지원 프로그램 추진"""
1237,"므누신 전 美재무장관 ""美 10년물 국채 금리 3.5%까지 오를 수도"""
1238,"이재명 ""오세훈, 가짜 분양 원가 공개 그만하라"""
1239,"민주당 ""윤석열, 정치공작물 제작해 국민의힘에 납품"""
1240,"컷오프 탈락한 최재형, 그래도 웃었다 ""지지해주셔서 감사합니다"""
1241,"국세청장, '화천대유 논란'에 ""모니터링…엄정 조치할 것"""
1242,"""생지옥이 따로 없다"" 백신 피해자 눈물에 정부 ""00하겠다"""
1243,"美 '일자리' 인질로 백신접종 강요…IBM ""미접종자 무급정직"""
1244,"'한복', 英 옥스퍼드 사전 공식 등재...서경덕 ""中 억지 주장 중 큰 의미"""
1245,"바이오단지 찾은 홍남기 부총리 ""K-바이오파운드리 구축"""
1246,"김기현 ""유동규 혼자 먹을 수 있는 돈이겠나""…野, 특검 수용 ‘천막 투쟁’"
1247,"송영길 ""국힘·부패검찰 한통속 추악한 실체 드러나…대선판 주술시대 돌아가"""
1248,"핸디랩스 ""예측게임 앱 ‘맞춰볼래’ 사용자 수 300만 돌파"""
1249,"칼날 나온 냉동 돈가스…""보상 어렵다는 건 규명이 먼저란 뜻"" 반박"
1250,"하태경 ""본선 진출 네 분 축하…정권교체 위해 매진"""
1251,"토스, '타다' 전격 인수…""모빌리티와 금융 시너지 기대"""
1252,"""자랑스러럽다""…윤화섭 안산시장, 직장운동부 씨름부 봉납식 개최·선수들 격려"
1253,"""교통 개선방안 모색""…안산시, 트램 도입 타당성 검토 용역 최종보고회 개최"
1254,"""자영업자들 하나 둘 폐업. 정부 원망만 남아""···'지역화폐 예산' 증액 요구 국민청원"
1255,"배우 최진혁, 방역수칙 위반 입건...""불법 유흥업소 몰랐다"""
1256,"'방역수칙 위반' 최진혁 ""술집 불법 운영 몰랐다…활동 중단·자숙할 것"" (전문)"
1257,"""KCA 스마트미디어센터 홈페이지 먹통…철저한 관리 필요"""
1258,"중기부 차관 ""손실보상금, 빠르면 신청일 이틀 내로 지급받는다"""
1259,"""강원 7개 시군, 감사원 정기감사 10년 이상 안 받아"""
1260,"최진혁, 불법 유흥주점서 술자리 적발 ""방역수칙 위반…모든 활동 중단"" [전문]"
1261,"""키오스크 사용법 알려주는 디지털배움터, 지자체별 편차 커"""
1262,"""세금 못내"" 조세 행정소송 급증…서울지방국세청 패소율 40%"
1263,"‘익수, 중수, 중창’…""문화재 안내문 너무 어렵다"""
1264,"""여의도를 국제 금융허브로""... 영등포, ‘여의도 국제금융중심지 자문단‘ 구성"
1265,"정의당 안성시위원회 ""안성교육지원청 공무원 극단적 선택 철저한 규명을"""
1266,"""창립기념식도 메타버스로""…대구은행, 54주년 창립기념식 개최"
1267,"""시끄럽다"" 숙박업소서 흉기 난동 50대男 검찰 송치"
1268,"조은희 ""이재명 '경부고속도로 지하화' 공약, 내 정책 베껴"""
1269,"상생소비지원금 1∼7일 837만명 신청… ""국민 높은 관심 확인"""
1270,"홍남기 ""인공세포 등 합성생물학 핵심기술 선제확보…'K-바이오파운드리' 구축"""
1271,"김웅 녹취록 공개에도…법조계 ""글쎄… 무슨 죄?"""
1272,"""인물 세심한 터치묘사 주목""…배우 하정우 부산 첫 개인 미술전시회"
1273,"국세 올 1~7월 218조 징수 ‘54조 ↑’···""세무조사 축소"""
1274,"""가짜 분양원가 공개 그만""…이재명, 오세훈과 설전"
1275,"'미우새' 선미 ""男 동생들, 내게 '돈 있나?'고 많이 해"""
1276,"WHO 평양 사무소장 ""의약품, 남포항에 격리중""…북 ‘코로나 밀봉’ 풀까"
1277,"대만 TSMC, 美 반도체 자료 제공 요구에 반발…""고객정보 넘길 수 없어"""
1278,"생각하고 행동한다고?… ""순간에 집중을"""
1279,"김웅 녹취 정보공개 청구한 조성은 ""‘윤석열이 시켜서’ 문장 있는지 한꺼번에 공개"""
1280,"[단독] ""거래신고만 하고 등기 안 한 ‘이상 거래’ 샅샅이 뒤진다"""
1281,"""장애인도 편하게 즐기는 여행""…관광공사-장애인개발원 업무협약"
1282,"최진혁, 방역 어긴 룸살롱 갔다가 경찰에 붙잡혀 ""활동 중단"""
1283,"한국선재 주가 8%↑…""윤석열·홍준표·유승민·원희룡 2차 컷오프 통과"""
1284,"""반려동물 입양? 교육부터 받아라"" 스페인, 초강력 동물보호법 예고"
1285,"WHO ""코로나 지원 물품, 1년여 만에 북한에 반입"""
1286,"KT, '아이폰13' 공식 출시… ""2030에 인기"""
1287,"이준석 ""경선 흥행 해치는 손바닥 왕(王)·빨간 내복 논란 야속"""
1288,"""접종해도 괜찮을까요?""…해외서 '모더나' 젊은층 접종 중단에 시민들 '불안'"
1289,"""대부업 법정최고금리 연 20%인데""…여전히 고금리 유지 신용대출액 4.1조"
1290,"""생전 어머니가 좋아하신 음식"" 장례식장서 배달 주문하자 생긴 일"
1291,"국감 소환된 비대면 진료 플랫폼…""정부 가이드라인 따르겠다"""
1292,"이준석 ""이재명, 무능이냐 부패냐 딜레마""…野 ‘대장동 특검’ 천막농성"
1293,"스타벅스, 직원들 트럭시위에 ""겨울 e프리퀀시 행사 2주 연기"""
1294,"""2050년엔 50억명 물 부족""…세계기상기구의 경고[과학을읽다]"
1295,"""질병 고통 이길 수 없어""…안락사 이틀 앞둔 콜롬비아 여성"
1296,"[황출새]김종민""설훈, 이재명 구속 가능성 아닌 '가정'한 것"""
1297,"민주당 ""손준성 검사가 패가망신하려고 고발사주 했겠나""···연일 윤석열 직격, 왜?"
1298,"정인이 수목장 추모팻말 도난 사건 ""버려져 있었다"" vs ""절도"""
1299,"[특징주] '성장성 여전히 유효"" LG화학, 장 중 강세"
1300,"정신 이상한 척 가슴 만지고 ""바지 내릴까?""…간호사들 성희롱 고통 호소"
1301,"""생각은 각자의 그릇만큼"" 이재명·윤석열 어린시절 사진 비교"
1302,"[양담소]""늦은 결혼에 아직 어린 아이들... 노후대비 어떻게 해야 할까요?"""
1303,"""한국사 6개월 완성?""…웅진씽크빅, 9개월 과정 '초단기한국사' 출시"
1304,"이억원 기재차관 ""10월 물가 더 높아질 것...계란 도매시장 시범운영"""
1305,"K-백신 속도전 나선 홍남기 ""전임상시험 지원제도 항구화"""
1306,"최재형 ""평당원 돌아가 정권교체 힘쓰겠다"" 하태경 ""더 큰 정치로 보답"""
1307,"[하이서울 V.C 탐방] 위즈코어 ""제조업의 스마트화를 이끕니다"""
1308,"""고속도로 휴게소 매출액, 2년 사이 34.5% 급락"""
1309,"디자인 플랫폼 스터닝, 전직군 대규모 채용…""디자인 생태계 혁신 선도"""
1310,"민주당 ""특검 타령하며 '웰빙' 투쟁...국민의힘 애잔"""
1311,"""디지털 헬스케어 사업 강화"" KT, 건강증진개발원과 AI 디지털화 협력"
1312,"野, ‘대장동 특검’ 천막 투쟁 돌입 ""민주당 앞길에 어둠만"""
1313,"오세훈 겨냥한 이재명 ""가짜 분양 원가 공개 그만…"""
1314,"""집값 싸게 내놓으면 처벌""… 중국은 ‘분양가 세일’ 금지령"
1315,"元·劉·尹·洪, 국민의힘 최종경선 진출…""이제 본 싸움이 시작된다""(상보)"
1316,"동진쎄미켐 주가 6%↑…""2분기 영업이익 284억"""
1317,"한글날 연휴 앞 2176명 확진… ""관광지 검사소 추가"""
1318,"아르헨 의원이 11분간 ‘김치’ 연설…현지 언론 ""시급한 일 많은데"" 비판"
1319,"중국 틱톡에 넘쳐나는 '한국인 몰카'…""진짜 답 없다""·""소름"" 공분"
1320,"""욕하고 도망갔다""…오토바이 쫓아 박은 '보복운전'[영상]"
1321,"배우 최진혁, 불법 영업 유흥주점서 술자리…""무지함 부끄러워, 반성"""
1322,"디에이테크놀로지 주가 7%↑…""리비안과 자체 배터리 생산라인 구축 위한 미팅"""
1323,"중기부 차관 ""소상공인 손실보상금, 신청 이틀내 지급"""
1324,"""신청 이틀 내 지급""… 소상공인 손실 80% 보상, 예산은 '1조원'뿐"
1325,"최진혁, 방역수칙 위반 입건…""10시 전이라 안일, 자숙하겠다"" [전문]"
1326,"송영길 ""사명 갖고 원팀 만드는 데 최선 다할 것"""
1327,"정부 ""10월 물가, 9월보다 높아질 것...적극 노력"""
1328,"""난 완벽해"" 자존감 중독, 불행의 덫이 되다"
1329,"가족들 앞 가장 폭행한 20대女, 사과 문자 보내며 ""3천만원 드릴게"""
1330,"태영호, ""재외동포재단 직원 초봉 임원 판공비 보다 적어"""
1331,"6개월 알바가 3개월 수습…알바생 62% ""너무해요 사장님"""
1332,"김총리 ""재택치료 확대할 것…달라진 방역 여건 고려"""
1333,"천공스승 ""윤석열, 김건희 연락으로 만나…멘토 아냐"""
1334,"""비혼 여성의 귀촌생활, 만만치는 않지만 감당할만합니다""[플랫]"
1335,"미니스톱, 친환경 원두 100%로…""텀블러 사용시 할인 혜택"""
1336,"국민의힘, 특검 추진 천막투쟁본부 출범 ""민주당, 특검 수용해야"""
1337,"""뉴욕시장, 딸 이사와 아들 통학에 경호팀 동원"""
1338,"단골손님 손 묶고 흉기 위협한 남성...""아내와 불륜 의심"""
1339,"""WHO 대북지원 코로나 의약품 남포항 반입·격리 중"""
1340,"[자막뉴스] ""돈가스 잘랐더니 2㎝ 톱날이""...식약처 조사 착수"
1341,"GC녹십자웰빙 ""태반주사, 동물서 코로나19 증식 억제"""
1342,"거짓 암 투병? 최성봉 ""허위사실…강경 대응할 것"""
1343,"[뉴스라이브] 오늘부터 임신부 예약...""11월 9일부터 위드 코로나"""
1344,"[특징주]""바닥 어디냐"" SK하이닉스, 4일 연속 연저점 경신"
1345,"국민의힘, 특검 추진 천막투쟁 시작…이준석 ""2016년 특검 동참해달라더니"""
1346,"20대 만취녀, 마구잡이 폭행 후 합의금 제시…40대 가장 ""돈 문제 아닌데 안타깝다"""
1347,"""내 눈에 띄지마"" 농촌진흥청 직장 내 갑질·폭행 잦아"
1348,"포스코케미칼 주가 4%↑...""중소 협력기업 ESG 경영 지원"""
1349,"""50세 이하 여성 의료종사자, ‘코로나 스트레스’에 가장 취약"""
1350,"두테르테 ‘마약과의 전쟁’ 반인륜 범죄 규정 ICC ""진실 파헤치겠다"""
1351,"국세청, ""고가주택 취득자 자금출처 검증 강화"""
1352,"숙취 무서워…성인 56%, 숙취해소제 먹어봤다 ""효과는 글쎄"""
1353,"과기정통부 ""디지털 플랫폼 시장 경쟁 활성화 논의한다"""
1354,"40대 폭행 만취녀 ""부모님과 상의한 결과 3천만원 드릴게요"""
1355,"""유한양행, 레이지티닙 글로벌 시장 출시 가시화…목표가 ↑"""
1356,"야놀자, 대전 고객센터 신규 오픈…""지역 일자리 창출"""
1357,"박주현 해외팬, 소아암 환우 후원... 박주현 ""감동이야"" 고마움 전해"
1358,"원·달러 환율 1190원대 초반 강보합…""상하단 막힌 박스권"""
1359,"유바이오로직스 주가 6%↑...""이달 임상3상시험계획 신청"""
1360,"""10만원 꼭 챙기자""…카드 캐시백 837만명 신청했다"
1361,"이억원 기재차관 ""이달 소비자물가 9월보다 더 뛸 듯"""
1362,"알스퀘어, ""베트남 진출 기업 물꼬 터준다""…현지 상업 부동산 카운셀링"
1363,"다단계업자에게 돈 빌린 경찰...대법 ""차용 가능성 있어 무죄"""
1364,"[기고] 대한민국과 세종시를 망치는 국회분원 설치 법안의 통과 ""이제는 바로 잡아야한다"""
1365,"이건홀딩스 주가 14%↑…이재명 ""오세훈, 가짜 분양 원가 공개 그만하라"""
1366,"""‘member Yuji’ 김건희 박사논문 의혹 조사해야"" 국민대 재학생 94.4% 압도적 찬성"
1367,"1억들인 영상 ""충청도가 중국 땅"" 동북공정 논란…중앙박물관 ""뼈아픈 실수"""
1368,"‘윤석열 멘토 논란’ 천공스승 ""김건희 소개로 만나 총장 사퇴도 조언···王자는 나 아냐"""
1369,"강득구 ""고발사주 연루 김웅 구속수사 해야… 윤석열, 진실 밝히라"""
1370,"금감원 ""장외 주식양수도 계약 체결 즉시 공시해야"""
1371,"""시민안전 최우선 無장애 산책로 만들 것"" 고양시, 정발산공원 둘레길 조성 착공설명회 개최"
1372,"이낙연 캠프 ""이재명 구속될 수도""…원팀 가능할까"
1373,"""삼성전기, 하반기 최대 실적 전망…저가매수 기회"""
1374,"WSJ ""美특수부대, 최소 1년간 대만 육군과 비밀 군사훈련"""
1375,"""돈 받고 싶으면 내려라""…아버지뻘 택시기사 무차별 폭행한 30대 의사"
1376,"천공스승 ""김건희에게 연락 와서 尹부부 몇 번 만났을 뿐… ‘王’자 저라면 말렸을 것"""
1377,"日차세대 거장 만난 韓거장 봉준호 ""송강호가 안부 전해달라더라"""
1378,"돈가스에서 칼날 나왔는데…회사측 ""신고했으니 보상 어려워"""
1379,"""운전자 규정 철저히 지켜달라""…군포시, 이륜자동차 상대 소음·불법개조 점검"
1380,"""코로나가 공군 조종사 유출방지 일등공신?"" …‘내년 전역신청 0명’"
1381,"홍준표 ""부적·항문침·도사..야당 대선후보 경선이 무속 경연대회로"""
1382,"""폐린넨 업사이클링"" 메종 글래드 제주, 제클린과 '친환경 ESG 캠페인'"
1383,"김부겸 ""단계적 일상회복 미리 대비…재택치료 확대할 것"""
1384,"바이든 ""미접종자들이 경제를 위기로 몰아넣는다"" 민간기업 백신 의무화 촉구"
1385,"KT, 개통 당일 2300명 아이폰13 받았다…""2030에 인기"""
1386,"김기현 ""유동규 혼자 돈 먹었겠나…세탁과정 뻔해"""
1387,"황교안 ""윤석열 기회 되면 전도 해보겠다…점은 종교 아니야"""
1388,"신동헌 광주시장, ""우리 광주를 천혜의 자연관광지로 탈바꿈시키는 출발점 될 것"""
1389,"""SK케미칼, 무상증자 등 주주환원정책으로 가치 상승 기대"""
1390,"김기현 ""상식 있는 국민들 이재명 지사 제명"""
1391,"전재수 ""윤석열, 애도 아니고 '王'자에 의지…정치를 무서워한다"""
1392,"""돌파 감염, 1만 명당 5명‥접종 동참해달라"""
1393,"오늘 2천 명대‥""11월 9일부터 단계적 일상 회복"""
1394,"정영학-김만배 녹취록 확인 ""성남시의장 30억·의원 20억·실탄은 350억"""
1395,"[르포]""가만히 계셔도 측정됩니다""… 신형 감지기 투입한 해운대 음주 단속"
1396,"유니크 주가 10%↑...文 ""2050년까지 2000기 이상 수소충전소 구축"""
1397,"원바이오젠 주가 6%↑…""26억원 규모 경북 구미 토지·건물 양수 결정"""
1398,"하버드大 연수 특혜 판사 논란에… 대법원 ""과거 전례 없다"""
1399,"식음료 매장 알바생 93%, ""우리 매장 깨끗해요"""
1400,"롯데카드, 10월 플렉스 위크…""메종 마르지엘라·오프화이트 7% 추가적립"""
1401,"[인터뷰+] 신원호 감독 ""'슬의' 시즌3 아쉬움? 당연히 있지만…"""
1402,"[황출새]노웅래""김웅 녹취록, 누가 봐도 윤석열"" 홍문표""MBC만 자의적 해석"""
1403,"우리은행, ""연금저축펀드 가입하고 경품 받으세요"""
1404,"진원생명과학 주가 1%↑… ""자회사 VGXI 신규 공장 외관 공사 완료"" 소식에 강세"
1405,"[특징주]티비씨, 홍준표 보수텃밭 TK서 역전 드라마…""배병일 사외이사지만 사업 관련 없어"""
1406,"""예비신혼부부 모여라"" 아이파크몰, '온리 웨딩페어' 특별기획전"
1407,"김기현 ""유동규 혼자 돈 먹었겠나…세탁 과정 뻔하지 않나"""
1408,"미원에스씨 주가 4%↑…""350억 규모 생산시설 증설 투자"""
1409,"정의당 충북도당 ""‘전역 처분 위법’ 환영…명예 회복되길"""
1410,"충청권 민관정 ""지방분권 개헌·양원제 도입해야"""
1411,"충북 외국인 무증상 확진자 속출…""외국인 백신 접종 확대"""
1412,"""빼빼로 사진 올리면 기부""...롯데제과, 소비자 참여 행사 실시"
1413,"홍기원 ""고속도로 휴게소 진출입로 교통사고 사각지대 전락"""
1414,"비씨카드 ""홈카페·홈술 즐길 땐 최대 3만5000원 할인 받으세요"""
1415,"""녹십자웰빙, 3분기 건기식 매출 줄지만 수익성 개선될 것"""
1416,"""주가 부양하자""…OO카드 꺼냈지만 무안해진 기업들"
1417,"'이혼 절차' 최정윤, 딸과 단란한 일상 공개 ""내편 사랑해"""
1418,"설훈 ""대장동, 결정적 제보""…이재명 측 ""지라시, 말이 안돼"""
1419,"기업은행, '상담지원 AI' 시스템 구축한다…""통화상담 20초 단축"""
1420,"천공스승 ""윤석열에 검찰총장 사퇴는 조언…'王'자는 나 아냐"""
1421,"한미동맹재단 ""제대군인 희생 기억하고 예우해야"""
1422,"네 자녀 데리고 IS 합류한 여성, 영국에 ""다시 받아달라"""
1423,"""코로나도 문제없다""…32년째 성장하는 'PPIH' 비결 [더 머니이스트-지민홍의 일본주식 가이드]"
1424,"기재부 차관 ""10월 물가, 9월보다 높아질 것…적극 대응 필요"""
1425,"SKT, 아이폰13 판매 개시…""시에라블루·프로 모델 인기"""
1426,"문정복 ""아파트 단지 교통안전 사각지대 해소 정부 대책 절실"""
1427,"""로렉스 시계도 당근마켓서 산다""…과세 기준없어 ‘꼼수’ 탈세"
1428,"[기획특집] 너도나도 ""테슬라 잡는다"" 왕좌에 오를 美 전기차 기업은?"
1429,"일반인 추가접종 12월로 준비 중…""학부모·학생 70% 접종 의향"""
1430,"계룡산 단풍 오는 27일 절정…""오리숲길·자연성능 코스 추천"""
1431,"세종시 ""전동면 폐기물시설 입지 타당""…주민 반발"
1432,"노사문화 우수기업 조폐공사가 임금 체불?…""고의 아냐"""
1433,"""성전환 변희수 전 하사 전역 처분 위법""…성전환 복무 관련 첫 판례"
1434,"오병권 경기도 행정1부지사 8일 취임…""코로나 방역 최선"""
1435,"충청권 국회 분원 유치…""다음은 국회 양원제?"""
1436,"김학도 ""중소벤처도 환경과 공존 모색할 시점"""
1437,"""UAE, 러시아 백신 스푸트니크 라이트 사용 승인""...관련주 이트론, 이아이디, 이화전기, 이수앱지스 등은?"
1438,"야외활동 뒤 고열·근육통? ""쯔쯔가무시증 급증할 시기"""
1439,"""尹과 사진 찍어"" 여성 팔목 잡아끌다 고발당한 남성…경찰 '공소권 없음' 사건 종결"
1440,"유한양행 주가 0.5%↑...""수천억대 영업익 달성 가능"" 전망에 강세"
1441,"""한국문화예술교육진흥원 수의계약 73%…대책 마련 시급"""
1442,"""다음 달 둘째주부터 일상회복 시작""…""확진자 1만 명 대비해 의료체계 준비"""
1443,"IBM도 백신 접종 의무화…""위반시 무급정직"""
1444,"""‘대장동 초과이익 환수’ 실무진 의견 모두 묵살"""
1445,"현대차 울산공장 물량 일부 이관 합의…""전주공장 숨통 트여"""
1446,"LH 국감…""내부정보 차명 투기하면 앞으로도 못 막아"""
1447,"기재차관 ""10월 소비자물가 9월보다 높아질 것…적극 대응 필요"""
1448,"신세계·대한항공 등 기업들 ""회사채 최대한 늘려 찍자"" [마켓인사이트]"
1449,"울산시, ‘일자리 창출 부문’ 우수…""지역자율형 사회서비스, 책임·역량 강화할 것"""
1450,"황교안, 윤석열 미신 논란에 ""전도 해보겠다"""
1451,"오신환 ""국가 지도자가 주술·미신 의존하는 건 큰 위험…尹 검증해야"""
1452,"정부 ""2030년 온실가스, 2018년 比 40% 줄인다"""
1453,"""매각 전념"" 홍원식 남양회장의 공염불"
1454,"이재명 캠프 ""성남시, 화천대유 개발이익 전액 환수 나서라"""
1455,"[속보] 김 총리 ""재택치료 확대할 것…중증화율 낮아진 점 고려"""
1456,"정영학-김만배 녹취록 확인 ""성남시의장 30억·의원 20억·실탄은 350억"""
1457,"김 총리 ""일상회복 대비해 재택치료 확대"""
1458,"이준석 ""'손바닥 왕(王)', '빨간 내복' 등 당내 논쟁 야속해...얻을 게 없는 상황"""
1459,"현대산업개발 ""광주 참사 원인, 재판결과 나와봐야""...질타 쏟아져"
1460,"김준현, ‘맛녀석들’ 하차이유? ""안정될수록 불안해져..변화가 필요"""
1461,"매입형 유치원 허위 서류 ‘논란’…""사업 재검토"""
1462,"""GGM 기술직 연봉 3천만 원 미만…적정임금 산출 시급"""
1463,"미사용 충전 선수금 76억…""광주시 행정 소극적"""
1464,"김회재 의원 ""부동산 임대업 법인들 최근 5년간 453조 벌어"""
1465,"'국민 영수증' 김원효, 심진화와 쇼윈도 부부? ""사진찍는걸 좋아해서…오해다"""
1466,"""대한항공, 3분기 화물 호조에 호실적 전망...유가 및 환율 급등은 부담"""
1467,"[1보] 삼성전자, 분기 사상 최초 매출액 70조원 돌파...""반도체 끌고 스마트폰이 밀었다"""
1468,"""19세기 만들어진 명품 비올라요""… 억대 사기 판매상 집유"
1469,"판교SK뷰테라스 ‘줍줍’ 343대 1…""당첨자는 누구?"""
1470,"‘공인중개사 살인’, 스토킹처벌법 적용 어려워…""피해자 한정 탓""[촉!]"
1471,"임미란 의원 ""2045 탄소중립 실현 시민・기업 고통분담 대책 마련"""
1472,"김총리 ""코로나19 중증화율 감소... 재택치료 확대할 것"""
1473,"가상자산 거래소 프로비트, 고객확인제도 개편…""연내 마무리"""
1474,"바른손 주가 9%↑… ""214억원 규모 '두나무' 지분 확보"" 소식에 강세"
1475,"HK이노엔 주가 3%↑...""향후 신약 파이프라인 가치 상승할 것"""
1476,"김 총리 ""4차 유행 지속...한글날 연휴 방역 철저히"""
1477,"김 총리 ""재택치료 확대···단계적 일상회복 대비 차원"""
1478,"이억원 기재차관 ""10월 물가, 9월보다 더 뛸 것...적극 대응 필요"""
1479,"""소름 돋아"" 중국인 틱톡 보니 한국인 몰카 수두룩…모자이크도 안 해"
1480,"유승민 측 ""윤석열, 천공스승·항문침 전문가와 관계 형성돼 있다"""
1481,"1억 들인 영상에 ‘중국이 충청도 지배’… 국박 ""순간적으로 넘어가 못 봤다"""
1482,"이정미 ""與, 국힘 게이트면 특검 마다할 이유 없어"""
1483,"쿠팡, 로켓프레시 제철식탁 기획전…""신선한 식재료 한곳에"""
1484,"""SK바사, 3분기 실적 예상치 밑돌 것…노바백스 승인 지연"""
1485,"김총리 ""재택치료 확대할 것…치료 소홀히 하는 일 결코 없게"""
1486,"중고 플랫폼서 골드바 거래?…""적절한 과세 기준 마련돼야"""
1487,"[현장영상] 김 총리 ""일상회복에 대한 과도한 기대감으로 방역 위반 사례 늘어"""
1488,"""'로스터리R' 인증샷 남기면 선물""...남양유업, 리뉴얼 기념 이벤트 실시"
1489,"[속보] 김 총리 ""돌파감염, 1만명당 5명 불과…위중증 현저히 감소"""
1490,"유엔 사무총장 ""연말까지 세계 인구 40% 접종...백신 공평하게 배포해야"""
1491,"고진영, 파운더스컵 첫날 단독선두 ""소렌스탐 기록 도전 영광"""
1492,"[마켓인사이트]해외 IB들 ""주식시장, 강한 단기 반등 기대 어려워"""
1493,"권익위, '독감 예방접종' 민원예보 발령…""코로나 백신접종과 겹쳐 적극대응"""
1494,"텍사스로 이사한 머스크 ""테슬라 본사도 실리콘밸리 떠난다"""
1495,"""중소형 자동차부품사, 2025년 이후 신용위험 급격히 확대 전망"" [마켓인사이트]"
1496,"코로나 블루 치유…""호미반도 둘레길로 오세요"""
1497,"폴란드 대법원 ""EU 조약 일부 위헌""...폴렉시트 우려 확대"
1498,"김부겸 총리 ""국민들 예방접종률 높아져 재택치료 확대 논의"""
1499,"한국필립모리스, 부산국제영화제 스모킹룸 설치...""공중보건 개선 앞장"""
1500,"미국인 63% ""북한이 한국 침공하면 미군이 지원해야"""
1501,"美中 충돌 피하기로 했지만…설리번 ""대만 방어 위한 군사 행동 막으려 지금 움직일 것"""
1502,"""HK이노엔, 케이캡 해외 진출이 중장기 모멘텀"""
1503,"""비혼출산 과정서 상처""…사유리, 국감 참고인 출석 불발된 이유"
1504,"CJ프레시웨이, 소규모 사회복지시설 급식 개선...""지속 협력 체계 구축"""
1505,"김부겸 총리 ""확진자 재택치료 확대…위드코로나 대비"""
1506,"""번호는 그대로, 디자인은 맘대로""…현대카드, '카드번호 유지 재발급' 서비스 선봬"
1507,"황교안, ‘주술논쟁’ 윤석열에 ""전도 생각해 보겠다"""
1508,"[Mint] ""끌어와야 내가 생존한다""… 아마존 vs 월마트 운명을 건 오징어게임"
1509,"""음침하고 기분 나빠""…안산, SNS 사칭 계정에 분노"
1510,"""야산에 암매장""…말다툼 하다 지인 살해한 40대 남성 체포"
1511,"[황출새]정의당 이정미""대통령 되면 내각제로 개헌할 것"""
1512,"최성봉, 거짓 암 투병 의혹 반박 ""취재한 유튜버가 회유와 겁박"""
1513,"네이버 주식, 지금 사야할까?…증권가 ""싸다"""
1514,"이낙연 ""윤석열 '고발사주' 구체화…사퇴하고 수사부터 받아라"""
1515,"이준석 ""대장동 특검 공조 요청이 이간질?…최순실 때는 뭔가"""
1516,"[시네 토크] ○△□ 오징어 게임, 이정재 ""찌질한 오징어 캐릭터 첫 경험 반전매력 제대로 보이고 싶었죠"""
1517,"尹 멘토로 거론된 천공스승 ""손바닥 왕(王)자? 나는 그런 짓 못하게 해"""
1518,"오징어게임, 이번엔 인도서 표절 논란…인도 매체 ""영화 차이는 예산뿐"""
1519,"朴 시장 기소 파장…""1심 결과에 달렸다"""
1520,"""CJ ENM, 티빙 성장으로 연간 영업이익 3500억원도 가능…목표주가 25만원으로 상향"" [하나금융투자]"
1521,"美국민 63% ""文대통령에 호의…北 침공시 미군 지원 지지"""
1522,"""머리·목 만지고 새벽에 연락…엔씨 여직원 성희롱에 줄퇴사"""
1523,"미국인 63% ""북한 한국 침공시 미군이 지원해야""...전년대비 5%P↑"
1524,"황교안 ""윤석열 전도 고려해 볼 것…점은 종교 아냐"""
1525,"​""대한항공, 3년만에 최대 분기 실적 전망…목표주가 '상향'"" [삼성증권]"
1526,"대선 6개월 앞둔 프랑스 ""지지율 1~4위 후보 모두 우파, 좌파는 궤멸 수준"""
1527,"울산시 ""3백억 원 들여 일자리 4천 개 창출"""
1528,"""칠곡할매글꼴 널리 이용하라"" 용민정음(用民正音) 발표"
1529,"신한카드, '테이블매니저'와 전략적 제휴…""소상공인 서비스 강화"""
1530,"[위클리포유 커버스토리] 이기덕 대구 수성구자원봉사센터장 (2)…""복잡해진 세상, 까다로운 민원 늘어…행정도 팀플레이 해야 살아남는다"""
1531,"[이도국의 영남좌도 역사산책] 상례·만가·만시 ""어린 자식 남겨두고 어디를 갔나…"" 애통한 마음 담은 '마지막 인사'"
1532,"​서울시, 물류창고 소방합동 전수점검 이달 완료…""6월 쿠팡 화재 예방"""
1533,"알펜시아 의혹, ""강원도정이 협박 논리""…""원죄는 김진선"""
1534,"텍사스로 이사하더니…머스크 ""테슬라, 실리콘밸리 떠난다"""
1535,"560억 원 대신 건물 기부채납…""꼼수 행정"""
1536,"허영 ""LH 감정평가 용역, LH 출신이 더 많이 수주"""
1537,"경기도, ""시설 현대화·화재안전망 구축은 전통시장 경쟁력 강화 필수 조건"""
1538,"오늘 소상공인 손실보상 비율 확정…자영업자들 ""100% 보상해야"""
1539,"‘지미 팰런쇼’ 출연한 이정재·박해수…""세계 최고의 스타"" 소개"
1540,"[클릭 e종목] ""펄어비스, 중국에서의 성과가 중요하다"""
1541,"김학도 이사장 ""中企 지속 성장 위해 환경과의 공존 모색할 시점"""
1542,"최성봉 ""거짓 암 투병? 허위사실""…진단서 공개하며 반박"
1543,"""뭔가와 부딪혔다"" 美 핵추진 잠수함, 남중국해서 충돌 사고"
1544,"‘尹멘토’ 논란 천공스승 ""檢총장 사퇴 코칭…‘왕’자 내가 한것 아냐"""
1545,"방통위 ""지상파·종편-홈쇼핑 연계 편성 개선"""
1546,"쉐이커 메타 회장 인터뷰 ""향후 4개월간 전세계 소아마비 발병 않으면 종식 선언할 것"""
1547,"이준석 ""‘손바닥 王’ ‘빨간 내복’ 논란 야속해…자제해야"""
1548,"미국인 63% ""북한이 한국 침공하면 미군 지원해야"""
1549,"대학생 아들 학교가는데 경호팀 부른 뉴욕시장...""매우 부정확"""
1550,"반도체 믿었던 동학개미 어쩌나…모간이어 골드만도 ""우리가 틀렸다"""
1551,"""이게 무슨 냄새야""‥'가을의 불청객' 은행과의 전쟁"
1552,"""커플팔찌·직관"" 손흥민-지수 열애?…같은 날 프랑스서 귀국"
1553,"[고발사주 의혹] ""한동훈 목소리는 대역""…의혹 일파만파"
1554,"제주도 ""학생 1인당 ‘교육투자 예산’ 전국 상위권"""
1555,"제575돌 한글날 경축식 취소…""코로나19 확산 방지"""
1556,"""서귀포시 도시공원 절차적 하자…실시계획 취소"""
1557,"[2021 국감] ""당근마켓 등에서 명품시계·골드바도 거래""…세금은?"
1558,"‘영끌’ 아파트 괜찮을까?…""금리인상이 거품붕괴 신호탄"""
1559,"안승남 구리시장, ""장애인이 불편을 느끼지 않는 무장애 도시가 될 수 있도록..."""
1560,"‘공익 변호사 1호’ 염형국, ""기업 오히려 변화 대응 빨라…ESG도 보편화"" [촉!]"
1561,"홍준표 ""부적, 항문침에 도사까지… 참 추접스럽다"" 작심 비판"
1562,"백신 이상반응 피해자들 ""심신 무너졌는데 정부는 나 몰라라"""
1563,"""CJ ENM, 강력한 티빙 모멘텀…웨이브 2년 내 따라잡을 것""-하나금투"
1564,"장애인 주차구역 차 댔다 신고당하자 ""누구냐"" 단톡방에 글 올린 주민"
1565,"20개월 의붓딸 강간·살해한 계부 오늘 결심공판… 여론 ""사형시켜라"""
1566,"[클릭 e종목]""SK하이닉스, 4분기부터 메모리 가격 조정 시작...목표가 하향"""
1567,"'시럽 대신 세제 제공' 콘래드 서울, 거센 논란에 ""진심으로 사과"""
1568,"[클릭 e종목] ""네이버, 저평가 매력 부각"""
1569,"기시다 내각 출범 후 첫 美日 외교장관 통화…""北·中 정세 논의"""
1570,"""2작전사령부 드론 대응 훈련 건수, 지난해 20여회로 대폭 감소"""
1571,"황교안, ‘주술’ 논란 윤석열에 ""전도 해보겠다"""
1572,"[클릭 e종목] ""고배당주로 진화 중인 LG유플러스"""
1573,"조성은 ""'윤석열이 시켜서' 문장 있는지 한꺼번에 공개할 생각"""
1574,"""감사원, 2010년 이후 성남시 감사 안 해"""
1575,"""승합차로 환자 태우고 병원 돌며 마약성분 진통제 쇼핑"""
1576,"WHO ""내년 중반까지 세계 인구 70% 백신 접종 목표"""
1577,"[포토뉴스] ""행복한 도시농부를 꿈꿔 보세요"""
1578,"""자치경찰 존재이유 증명해야"" 대구서 시행 100일 콘퍼런스"
1579,"취준생 절반 ""자기소개서 스트레스"""
1580,"""피부에 스치기만 해도 아파요""…대구 '화상 벌레' 주의보"
1581,"""사진 찍어"" 동성로서 여성들 팔 잡아당긴 尹 지지자, 불입건 사건 종결"
1582,"[독자와 함께 !] ""등산객 다니던 길 코로나 핑계로 막아"""
1583,"돈가스서 칼날 나와도…""식약처 신고했으니 보상 못 해"""
1584,"홍준표, 尹저격 ""부적… 항문침… 무속 경연대회인가"""
1585,"엘살바도르, 비트코인 인정 한 달…""기술 오류 지속"""
1586,"""승합차로 환자 태우고 병원 돌며 마약성분 진통제 쇼핑"""
1587,"[클릭 e종목]""스튜디오드래곤, 3분기 실적 정상화…목표가 7%↓"""
1588,"美 신형 정찰위성 두대 北 감시한다…""그동안 몰랐던 정보 받아"""
1589,"1억 들여 만든 영상에 '충청도가 중국?'…국립중앙박물관 ""뼈아픈 실수"""
1590,"[클릭 e종목]""삼성전기, 4분기 역대 최대 실적 전망…저가 매수 기회"""
1591,"[클릭e종목]""포스코인터내셔널, 3분기도 호실적 기대"""
1592,"무협, 우리 기업의 EU '클린뷰티' 시장 진출 지원...""상품 기획부터 신중해야"""
1593,"""로보카폴리와 축제를"" 메이필드호텔 서울, 핼러윈 패키지 출시"
1594,"美 CIA, 중국 겨냥 조직 신설…""가장 중요한 지정학적 위협"""
1595,"[국감브리핑] 국민의힘 김영식(구미을) 의원 ""과기부 산하기관, 성희롱 등 비위행위 여전"""
1596,"[국감브리핑] 국민의힘 구자근(구미갑) 의원 ""文정부 출범후 공공기관 탈세 4600억원"""
1597,"경북 찾은 최재형 ""4강 자신…정권교체 구심점 될 것"""
1598,"[황출새]""술냄새 난 장제원 아들 노엘 구속영장 청구, 음주운전 적용 못해 外"""
1599,"접종 완료 55.5%‥""11월 9일, 일상 회복 시작 가능"""
1600,"비트코인 도입 한 달 엘살바도르‥""일상이 투기판"""
1601,"손소독제에 '가습기 살균제' 성분‥""지금도 판매 중"""
1602,"'50억 클럽' 논란‥""야당 자폭"" vs ""재판 거래 뇌물"""
1603,"파리 패션위크 간 블랙핑크, 리사만 쏙 빠져…""YG엔터 차별"" 주장"
1604,"""대장동 돈벼락은 이재명 탓"" VS ""LH 사업 포기 MB정부 책임"""
1605,"""월성1호기 조기 폐쇄는 文정부 요청 사안"""
1606,"""대구에 국립근대미술관 건립해야"""
1607,"[클릭 e종목]""HK이노엔, 컨디션보다 성장 잠재력 큰 위궤양 치료제"""
1608,"""10월 제철에 더 맛있다"" … '샤인머스캣', 가을 과일 1위 등극"
1609,"폐기 임박한 모더나 넘친다…""들쭉날쭉 수급 정책 탓"""
1610,"시럽 대신 세제 제공한 콘래드 서울 사과 ""조사에 적극 협조"""
1611,"버스요금 인상 시점이지만…대구시 ""코로나 감안 동결"""
1612,"美 국가정찰국, ""민간 위성업체 정보공유 강화...北 감시능력 높여"""
1613,"[독자와 함께!] ""수익창출 믿고 목욕탕에 연료전지 설치했는데…"""
1614,"""호텔수성 3층 제한 市처분 위법"" 판결"
1615,"[클릭 e종목]""CJ ENM, 티빙 초기 투자 성과 기대 이상"""
1616,"""최대 35만원 지원"" G마켓, 슈퍼프라이데이 렌탈 기획전"
1617,"정은경 ""11월 9일쯤 위드 코로나…확진자 늘어도 추진"""
1618,"이마트24, 딜리셔스 삼각김밥 출시…""곱창돌김·제주흑돼지 담았다"""
1619,"그리스 매체 ""이재영·다영, 서울서 기자회견 예정"""
1620,"美 CIA, 중국미션센터 신설해 對中 첩보 강화…""적대적 중국에 대응"""
1621,"""4명 뽑는다"" 오늘 국민의힘 컷오프…4위 싸움도 치열"
1622,"사내 성희롱 피해 호소…엔씨소프트 ""대상자 직위해제·대기발령 조치"""
1623,"마지막 경선 앞둔 민주당…""이재명 구속될 수도"" 협공"
1624,"권영진 ""새 인물로 전열 정비"" 대구시장 3選 승부수"
1625,"""쥐어패 버릴 수도 없고"" ""대통령 되면 잡아넣을 것""…막말에 잠식된 정치권"
1626,"천공스승 ""尹, 검찰총장 사퇴 내가 코칭…김건희 통해 알게됐다"""
1627,"WHO 사무총장 ""내년 중반까지 세계 인구 70% 백신 접종 목표"""
1628,"조성은 ""김웅과의 통화, 원본 공개해달라""…공수처 고심"
1629,"""목 뒤 만지고 차 태우고…"" 엔씨소프트 성희롱 파문"
1630,"""SK하이닉스, 조정구간 진입…목표가 29.4%↓""-케이프"
1631,"""알바 마치고 퇴근길…음주 뺑소니에 대학생 조카가 세상을 떠났습니다"""
1632,"​""간편한데 영양까지""…‘확찐자’ 덕에 커지는 간편대용식"
1633,"9일 동안 170번 학대 행위‥""다른 아이 남긴 죽 먹여"""
1634,"[신선한 경제] ""플로깅 참여하면 포인트 드려요"""
1635,"""여성으로 판단했어야""‥변희수 하사 강제전역 부당"
1636,"[신선한 경제] ""에어백 안 터지고 비상 통화 안 되고‥"""
1637,"[뉴스 열어보기] 참여연대·민변 ""화천대유, 상한제 미적용 2699억 더 챙겨"""
1638,"[이 시각 세계] ""보험 사기‥"" 미국 NBA 전직 선수 18명 기소"
1639,"[이 시각 세계] 파키스탄 남서부에 규모 5.9 지진 ""20명 사망"""
1640,"""수방사 매일 30명 음주회식""‥정당한 단결 활동?"
1641,"""이벤트에 650잔 대기""‥스타벅스 직원들 트럭 시위"
1642,"[이 시각 세계] ""화산재 때문에‥"" 라팔마섬 공항 일시 폐쇄"
1643,"김건희 '초·중·고 근무 이력'‥""해당 학교 명단에 없다"""
1644,"靑 ""대장동 의혹 ‘합수본’ 구성 당청 합의? 사실무근"""
1645,"[단독]정규직 전환 위한 도공서비스, 상급직 77%가 도공 출신…""자리 나눠먹기"""
1646,"‘윤석열 멘토’ 거론된 천공스승 ""尹 출마 선언 뒤엔 안 만나"""
1647,"조성은 ""박지원 원장, 전화로 ‘열심히 싸우라’고… 위안 됐다"""
1648,"""자기야"" ""알라븅""…문자가 누명 벗겼다"
1649,"당국 ""’먹는 코로나 치료제’ 구매 물량 추가하겠다"""
1650,"""지금 매수해야하나""…코스피 조정장, 언제까지? [허란의 경제한끼]"
1651,"공화당 지지 유권자 44% ""트럼프 2024년 대선 출마 원해"""
1652,"""쿠팡 ‘오징어게임’ 상품도 중국산""… 한드 인기로 떼돈 버는 中 공장"
1653,"""스타트업 거품 심각… 폭탄 돌리기 일어날 수도"""
1654,"허성무 창원시장 ""수소는 우리가 1등…충전설비 80% 국산화"""
1655,"""추적해서 응징하라""...'칼잡이'와 '사이다'의 나라"
1656,"경기도 대변인 ""도청 홍보인력 증가는 용역직원 정규직 전환때문"""
1657,"‘윤석열 멘토 논란’ 천공스승 ""검찰총장 사퇴 조언… ‘왕’자는 나 아냐"""
1658,"블랙핑크 '리사'만 빠진 패션위크…팬들 ""YG 보이콧 하겠다"""
1659,"美 5∼11세도 곧 백신 접종...바이든 ""백신이 경제 살려"""
1660,"""우리는 나노시대를 살고 있습니다"""
1661,"""변화·혁신으로 저성장 경제 극복"""
1662,"백세 시대 ""우리도 청춘처럼"""
1663,"""창원시도 고령인구 급증 대비 서둘러야"""
1664,"""산청 미래, 청정자연·생활인프라에 달려"""
1665,"""하루면 될 일을 몇 달씩""…소상공인 두 번 울리는 칸막이 행정"
1666,"사미자 ""차라리 죽었으면""…가슴 통증 무시하면 안되는 이유 [건강!톡]"
1667,"국민 2명중 1명 ""세금사용 부적절"" …""적절"" 응답 15.6%불과"
1668,"[코로나19 국제뉴스] ""심근염 부작용"" 북유럽 국가 30대 이하 모더나 접종 일시 중단"
1669,"미 국무부 ""북 인도적 위기 제재 아닌 정권 탓"""
1670,"핀란드도 30세 이하 모더나 중단…""심근염 위험"""
1671,"""美디폴트 일단 피했다"" 안도랠리...트위터 4%↑[뉴욕마감]"
1672,"'오징어게임' 중국 60개 사이트서 불법 유통…외교부 ""적극 대응 중"""
1673,"‘초동 부실수사’ 아무도 처벌받지 않았다…""대통령 말만 믿었는데 피눈물"""
1674,"""성전환 변희수 전 하사 전역 처분 위법""…성전환 복무 관련 첫 판례"
1675,"""강제로 껴안고 감금""...'합방' 여성 추행 혐의 BJ, 구속영장 기각"
1676,"홍준표, 尹 겨냥 ""부적·항문침에 도사…무속경연 개콘인가? 추접"""
1677,"40대 가장 폭행한 만취녀 또 사과문자…""3000만원 드릴까 한다"""
1678,"화이자, 5~11세 백신 허용 요청‥""11월 승인 전망"""
1679,"""김웅 제명·윤석열 수사"" vs ""경선 투표 맞춰 공작"""
1680,"이재명 ""분양 원가 공개""‥이낙연 ""배임 구속 가능"""
1681,"시중은행 이어 인터넷은행도 줄줄이 중단…""연말엔 대출 다 막힌다"""
1682,"이낙연 캠프 ""이재명 구속될 수도""…원팀 가능할까"
1683,"""대구 상급종합병원에 늘어나는 비정규직… 의료서비스 질을 위해서라도 정규직 전환돼야"""
1684,"천공스승 ""윤석열, 검찰총장 사퇴 코칭…김건희가 연락해 만나"""
1685,"국민의힘 ""대장동 게이트 특검하라"" 도보투쟁 이어 천막쳤다"
1686,"엘살바도르 비트코인 법정통화 채택 한 달…""사용 늘었으나 기술적 오류는 계속"" [인더머니]"
1687,"일반인 추가접종 12월로 준비 중…""학부모·학생 70% 접종 의향"""
1688,"""다음 달 둘째주부터 일상회복 시작""…""확진자 1만 명 대비해 의료체계 준비"""
1689,"법원 ""변희수 강제전역 부당""…트렌스젠더 군복무 가능해지나"
1690,"與 ""선거개입 방증…尹수사해야"" vs. 野 ""국민역풍 있을 것"""
1691,"""김건희 씨, 초·중·고 강의 경력 허위로 기재...근무 이력 없다"""
1692,"탄자니아, 구르나 노벨문학상 수상에 ""아프리카의 승리"" [인더머니]"
1693,"""‘대장동 초과이익 환수’ 실무진 의견 모두 묵살"""
1694,"""음침하고 기분 나쁨""…양궁 안산 선수 'SNS 계정 사칭에 분노'"
1695,"중국 틱톡 보니, 한국인 몰카 수두룩…""소름 돋는다"""
1696,"정영학-김만배 녹취록 확인 ""성남시의장 30억·의원 20억·실탄은 350억"""
1697,"고승범 ""최근 증시 악화 주로 해외 악재 탓"""
1698,"법원 ""故 변희수 前하사 강제전역은 부당"""
1699,"조성은 ""나도 들을 권리 있다""…김웅 녹취 정보공개 청구"
1700,"""尹 부인 김건희, 대학 강의하려 초중고 교사경력 허위 제출"""
1701,"野 ""몸통은 이재명"" 대장동 공세에 ‘고발 사주’ 맞불 놓은 與"
1702,"""생신날 돌아가신 아버지, 화이자 2차 맞고 가려움증 호소"""
1703,"낙측 ""명 잘못되면 어떻게 하나""… 명측 ""막판 발악"""
1704,"[절반의 한국]""서울은 ‘나쁜 심장’ 같아요, 순환이 안 되잖아요"""
1705,"[절반의 한국②]설레며 대관령 넘던 여고동창들 ""서울? 잡기 힘든 무지개"""
1706,"정은경 ""11월 9일쯤 단계적 일상 회복 가능"""
1707,"""최근 빈번하게 발생하는 지분공시 위반 유형 유의하세요"""
1708,"미국·호주 이어 베네수엘라서도 여자축구 ‘미투’…""조직이 가해자 감싸고돌아"""
1709,"[단독]유동규, 대장동 사업 초기부터 ‘반대파’ 솎아내기…""사업에서 빠져라"" 증언도"
1710,"금감원 ""장외 주식 양수도 계약 변경 보고해야"" 공시 위반 유의"
1711,"""화이자 심근염 부작용 10만명당 2.13건…젊은층 많아"""
1712,"""'오커스' 파장, 핵보유 찬성 여론 높은 한국서 가장 우려"""
1713,"""위급한 시기에 11분간 韓요리 강의"" 아르헨 김치논란 무슨일"
1714,"산자위 국감서 조성은 대출금 도마위…野 ""마세라티 타는 파렴치범"""
1715,"""카카오T대리 막아야"" 주장에..대리기사들 ""그러면 안된다"" 맞서는 이유"
1716,"집 한 채 준다는데 '꽁꽁' 숨은 복권 당첨자…""목숨이 아까워서?"""
1717,"""시끄럽게 울어서""…동거녀 갓난아이 때려 숨지게 한 20대"
1718,"""화천대유, 분양가 상한제 미적용으로 개발이익 2,699억 더 챙겨"""
1719,"中 관영매체까지 ""中이 먼저 입었다""… 오징어 게임 체육복 원조 논란"
1720,"""할리우드 콘텐츠 아닌 오징어 게임, 로컬 배우·감독 적극 활용해 대성공"""
1721,"박지성 ""맨유 왜 떠났냐고? 이유 없는 5연속 결장 때문"""
1722,"""루시 고 판사, 근면하고 무에서 유 만드는 한국계"""
1723,"[어린이 책] ""강풍 속 풀잎처럼 살거라"" 할아버지가 선물한 교훈"
1724,"코스피 급반등… 기재부 ""외국 비해 시장 과잉반응"""
1725,"‘중대재해처벌법’ 내년 초 시행인데 기업 10곳 중 7곳 ""준수 어려울 것"""
1726,"최저한세율 15% 지지한 정의용 ""OECD, 제조업 과세표준 낮춰야"""
1727,"""23년 숙원 해저터널 확정… ‘생태관광 보물섬’ 남해 시대 서막"""
1728,"강남구청장 ""옛 서울의료원·대한항공 땅 맞교환 막는 데 행정소송 불사"""
1729,"金총리, 방역·경제 등 특보 위촉… ""코로나 포용적 회복 기대"""
1730,"권덕철 ""공공 정자은행 제도화해야 한다고 생각"""
1731,"""딩동~ 약 드실 시간이에요"" 스스로 노인 돕는 AI로봇 나온다"
1732,"""수소, 첫번째 에너지로""…현대모비스 1조 3000억 투자해 공장 건설"
1733,"난민 경험 녹여 자아 정체성 탐구… ""식민주의 다룬 작가 중 최고"""
1734,"설훈 ""이재명 구속될 상황"" 민형배 ""제보 까라""… 극한 ‘명낙 갈등’"
1735,"""대장동 특검 도입해야… 무결성 대선 후보 필요"""
1736,"""윤석열 대검이 기획… 헌정질서 유린"" 민주, 고발사주로 ‘尹 때리기’ 총공세"
1737,"윤석열 아내 이력서에 ‘초중고 강의’… 교육청 ""근무 이력 없음"""
1738,"""이재명이 민간에 특혜 준 것"" ""MB정부 외압에 LH개발 막혀"""
1739,"[사설] 고용부 장관 ""민노총, 불법 쟁의"" 정권 내내 비호하다 이제 한마디"
1740,"""분양가 상한제 적용 안 된 탓 화천대유 2699억 더 챙겼다"""
1741,"이준석 ""내가 본 50억 클럽은 달라… 이재명 친분인사 포함"""
1742,"""여기가 공산주의냐""… 최씨, 시의원 때 대장동 공공개발 성토"
1743,"""더 적은 이익 배분안 내고도 하나컨소, 경쟁상대 2곳 제치고 뽑혔다"""
1744,"정은경 ""새달 9일부터 위드 코로나 가능"""
1745,"[이 순간] 제주 바다숲 사라져가고…""아열대 물고기가 절반"""
1746,"배에 꽂힌 튜브로 분유만…""아이에게 음식 한 번만 먹여봤으면"""
1747,"""어쩔 수 없어"" 고문하는 나라"
1748,"문 대통령 ""정부·기업 '원팀'으로 수소 경제 선도"""
1749,"[제보는Y] ""돈가스 잘랐더니 2㎝ 톱날이""...식약처 조사 착수"
1750,"설훈 ""후보 구속될 수 있다""…이재명 측 ""구속 발언 선 넘었다"""
1751,"쌍용차·HMM 인수 포기한 SM그룹···""SM상선 IPO 이후 신성장동력 물색"""
1752,"""대선후보끼리 현피?""…국민의힘의 민낯, 국민이 낯뜨겁다 [현장에서]"
1753,"체험장 고구마 3t 뽑았다…""위드 코로나 먼 일"" 가을축제 줄줄이 취소"
1754,"[단독]유동규 ""위례 개발팀이 대장동 맡아라""…'별동대' 편법 구성"
1755,"""게임은 기본"" 게임IP 무한파워…넷플릭스에 ‘롤 애니’ 뜬다"
1756,"""김만배 부인이 먼저 연락해 샀다"" 62억 타운하우스 미스터리"
1757,"다이어트 식품 먹고 독성간염...이런 부작용에도 ""홈피 공개가 끝"""
1758,"돌파감염에 얀센 접종자도 추가접종 검토…""12월 전 결정"""
1759,"""국내 유일 XR 멀티기술 보유···메타버스로 제2의 도약 꿈꾼다"""
1760,"'수소 콘셉트카' 운전대 잡은 文대통령 ""차 아닌 로봇같다"""
1761,"日 수도권 규모 5.9 지진...""최소 17명 부상"""
1762,"""혹독한 겨울오면 중동에 무릎꿇고 푸틴이 군림할 것"""
1763,"""초소형 전기차·2차전지 핵심소재 공장… 구미산단 다시 일으킬 것"""
1764,"""디지털농업 연구 글로벌 협력체계 구축"""
1765,"문 대통령 ""수소 선도국가 도약""...기업과 '원팀' 강조"
1766,"""대구 젖줄 신천, 친환경 수변으로"" 1조 투입한다"
1767,"봉준호 ""비밀 캐고 싶다"" 하마구치 ""나도 모순된 욕망 있다"""
1768,"모처럼 맑은 하늘, 중국 전력난 무관?… 당국 ""우리 성과"""
1769,"국감 ‘대장동 전투’… 與 ""자폭 수류탄"" 野 ""뇌물로 무죄"""
1770,"김범수 ""시장 지배력 커져도 수수료 인상 않겠다"""
1771,"""미접종땐 비행기·기차 못타""… 캐나다 백신 의무화 초강수"
1772,"GM, 전기차 올인… ""10년뒤 매출 2배, 2025년 1위 목표"""
1773,"임권택 ""영화만 쫓은 인생… 한국영화 수준 세계적"""
1774,"이발소 가려 권순일 썼다?… ""대법관 허가 있어야 가능"""
1775,"안민석 ""김건희씨, 허위경력으로 치장해 대학서 교편"" 의혹 제기"
1776,"‘공군 부사관 사건’ 결국 솜방망이… 유족 ""대통령 믿었는데 피눈물"""
1777,"뿔난 트럭시위에 놀란 스타벅스… ""연말 동시 이벤트 보류"""
1778,"IMF ""작년 화석연료 보조금 7060조원""… 기후악화에 돈 쏟아부어"
1779,"이낙연측 ""이재명 구속 가능성도""… 극단 치닫는 ‘명낙 갈등’"
1780,"삼각파도에 멀미하는 한국경제… ""경기회복"" → ""하방 위험"""
1781,"성전환 故 변희수 하사… 법원 ""강제전역은 위법"""
1782,"""이재명 결재받은 현덕지구도 대장동 쌍둥이""… 李 팬클럽 대표도 참여"
1783,"""이재명, 변호사비로 한명에 23억"" 친문단체 주장 녹취록엔..."
1784,"참여연대·민변 ""대장동, 공공의 탈 쓰고 민간이익 극대화"""
1785,"與지도부, 경선중 이재명 엄호… 이낙연 지지층 ""경선 중단"" 주장도"
1786,"윤석열, 김웅-조성은 녹취 유출에 ""경선 투표에 맞췄나"""
1787,"녹취록 등장에… 與""윤석열 사퇴해야"" 野 ""尹과 무관"""
1788,"""11월 9일쯤에 위드 코로나로"""
1789,"""주님께 쓰임 받는 도구가 되자"" WAIC 목사 안수식"
1790,"美 CDC ""올가을 꼭 독감 백신 접종해야"""
1791,"[오은영의 ‘토닥토닥’] 화났을 때 나쁜 말 쓰는 아이, ""화나!"" 등 다른 표현 알려줘요"
1792,"""고기 줄이고 풍요에 길든 자신과 치열하게 싸워야"""
1793,"[Mint] ""일단 이 옷을 사세요, 그다음에 만들어 드릴게요"" 코로나가 바꾼 패션산업"
1794,"[저자와의 만남] ""예배는 신학·교리의 총집합 교회 주보 펼쳐놓고 순서의 유래 공부했으면…"""
1795,"""아나필락시스-콜드체인… 코로나 용어 너무 어려워"""
1796,"이란 ""동결자금 안 풀면 한국드라마 방영 중단"""
1797,"""에너지 위기에 ‘미친 겨울’ 우려… 英, 무릎 꿇고 에너지 구걸할 상황"""
1798,"5언더 단독선두 박주영 ""언니 우승한 대회라 구경했던 기억"""
1799,"""한국인은 근면""… 인종차별 논란 부른 美의원 발언"
1800,"박지성 ""맨유서 5경기 못나가고 이적 결심"""
1801,"美법원, 텍사스주 낙태제한법 제동 ""심각한 권리 침해"""
1802,"美, 20년 아프간 전쟁 실종자 0명… ""생포된 탈영병도 구하려 했다"""
1803,"[단독]""힘차게 뛰는 심장… 기증자 꼭 기억할 것"""
1804,"""캠핑카 타고 낭만 가을여행"""
1805,"작은 교회 목회자들 ""이중직 허용"" 목소리 높다"
1806,"美에너지기업 CEO들 만난 최태원 ""수소사업 협력"""
1807,"""대기음료 650잔에 눈물"" 스타벅스 직원들 트럭 시위"
1808,"""가계대출 급증 은행, 추가자본 적립 추진"""
1809,"KDI ""한국경제 하방 위험 커져""… 경기둔화 가능성 언급"
1810,"""태백시에 핸드볼 실업팀 창단을…"""
1811,"""AI가 계산은 잘해도, 정직한 회계사는 이길 수 없어요"""
1812,"[Mint] 트위치 생방송은 게임뿐? ""토크쇼·스포츠로 영역 확장중"""
1813,"""사지말고 구독하세요"" 국내 최초 침대 렌털 서비스"
1814,"[Mint] ""에너지 대란 뒤엔… 스태그플레이션이 덮친다"""
1815,"檢, 천화동인 1호 배당금 1208억 정치자금 여부 수사…""이한성은 감시자일뿐"""
1816,"[단독]""성남市의장 30억, 市의원 20억 전달… 실탄 350억"""
1817,"""김만배, 판교 타운하우스는 ‘대법관 딸 국내체류용’ 주장"""
1818,"[역경의 열매] 트루디 (11) ""국수에 생선이 둥둥…""하며 기겁하자 사람들 박장대소"
1819,"MZ세대 ""성과급 불공정""… 놀란 기업 ""지급기준 손질"""
1820,"""유동규, 토목업체서도 8억3000만원 수수"""
1821,"檢 ""유동규-김문기 ‘초과이익 환수’ 조항 삭제 공모 가능성"""
1822,"[단독]""최윤길, 2010년부터 대장동 관계자와 한 몸처럼 움직인 원팀"""
1823,"경기도의회 ""현덕지구 사업성 낮다"" 했지만… 이재명, 개발 강행"
1824,"친문단체 ""이재명 변호사비, 3억 아닌 23억""… 李측 ""명백한 허위"""
1825,"조성은, 김웅 통화파일 공개 청구 ""나도 원본 들을 권리 있다"""
1826,"서울교육청 ""김건희씨 초중고 근무 경력 없어"""
1827,"野 ""대장동 투자 금융사도 조사""… 與 ""김건희 주가조작 의혹 규명"""
1828,"박용진 ""이재명 책임질 상황땐 민주당 다 죽어"""
1829,"尹측 ""삿대질 가짜뉴스 그만"", 劉측 ""천안함 막말 특보위촉, 무속인 지령인가"""
1830,"""후보 구속도 가능"" ""국민의힘 대변""… 李-李공방속 투표율 75% 껑충"
1831,"""현금성 복지보다 사회서비스 중요… 청장년 등 근로층 복지도 강화해야"""
1832,"기업 10곳중 7곳 ""중대재해법 준수 어려워"""
1833,"카카오 창업자 김범수 ""플랫폼기업 적절한 견제 필요"""
1834,"바이든-시진핑 연내 첫 화상 정상회담… 美-中 ""충돌 피하자"" 공감"
1835,"""성희롱에 여직원들 줄퇴사"" 폭로에… 엔씨소프트 발칵"
1836,"법원 ""성전환 故변희수 하사 강제전역은 부당"""
1837,"""인하대 재정지원 탈락, 한진그룹 책임 커"""
1838,"""좋다는 육아용품 사다보니 집 엉망돼…물건 버리며 산후우울증도 날렸어요"""
1839,"""혼자서 구성-연출-연기까지… 죽음의 골짜기 걷는 기분"""
1840,"점심메뉴-배달 앱 도입 제안… ""코로나 시름 딛고 배달맛집 변신 중"""
1841,"KDI ""한국경제 회복세 둔화…하방 위험성 커져"""
1842,"美 CDC ""올겨울 독감 유행 가능성 커...독감 주사 맞아야"""
1843,"""만드는 것보다 사는 게 더 저렴"" 이젠 김치도 ‘간편식품'이 대세"
1844,"[강릉]""안인화전 부실공사 의혹 진상조사 하라"""
1845,"""두바이 국왕, 양육권 소송 중인 전처 휴대폰 해킹"""
1846,"""수확 코앞인데…배추 1만 2,000포기 감쪽같이 사라져"""
1847,"[국감 브리핑]""어업지도선 공무원 北 피격 수사 지지부진"""
1848,"[국감 브리핑]""특허청 공무원 강제추행·뺑소니 해이 심각"""
1849,"[양구]""양구 무주지 개간비 100% 반영하라"""
1850,"[정선]""정선지역 맞춤형 치안 인프라 구축"""
1851,"[속초]""공무원 점심시간 의무휴무제 도입 필요"""
1852,"[피플&피플]결혼이주 2년만에 ‘한국어 골든벨 1등' ""딸에게 한글·베트남어 모두 알려줄것"""
1853,"[피플&피플]""젊은이·어르신 모두 지역에서 최신영화 즐겨요"""
1854,"[피플&피플]""물욕에 눈먼 영혼 감성·예술로 보살피자"""
1855,"블핑 리사만 빠진 패션위크에 뿔난 팬들, ""YG 차별"" VS ""억측"""
1856,"IBM, 미국 직원 백신 접종 의무화...""위반시 무급 정직"""
1857,"""빨간 컵은 작은 방에 있습니다""…고령자 생활 도울 로봇AI 개발"
1858,"최태원 SK회장 ""수소·그리드솔루션, 탄소중립 실현 핵심 기술"""
1859,"신석정 고택 ‘비사벌초사’ 철거 위기 벗어나… 전주시 ""보존 지원"""
1860,"日 수도권 지바 규모 6.1 지진…""도쿄 강한 흔들림"" 쓰나미는 없어"
1861,"""화재 현장서 구조""…가짜 의인의 기막힌 거짓말"
1862,"WHO ""내년 중반까지 세계 인구 70% 백신 접종 목표"""
1863,"아이 주려던 돈가스서 '칼날'…""신고했으니 보상 불가"""
1864,"독일 예방접종위 ""얀센 백신 접종자 2차 접종"" 권고"
1865,"""KF16 전투기, 버드 스트라이크로 추락""...공군 측 ""사실 무근"""
1866,"조성은 ""김웅과의 통화 공개해달라""…공수처 '고심'"
1867,"성남시민들 ""대장동 수사 촉구...특검 수용해야"""
1868,"""후보가 구속될 수도…"" vs ""국민의힘 대변하나"""
1869,"정은경 ""단계적 일상 회복 다음 달부터 시작 가능"""
1870,"""화재현장서 구조활동"" 알고보니 '가짜'…보험금 타려 거짓말"
1871,"[국감]이재정 경기도교육감 ""스쿨넷 사업자 선정 방침은 감사원 지적 때문"""
1872,"일본 도쿄 인근 지바현서 규모 6.1 지진…""서 있기 힘든 정도"""
1873,"농협, 한우 소재웹툰 ""소소한이야기""로 한우문화 가치 알린다"
1874,"박우근 대구시의원 ""버스 준공영제 개선방안 재검토 해야"""
1875,"BBQ 임민수 가맹점주 ""본사 마케팅 참여해 매출 늘었어요"""
1876,"비즈니스 네트워킹 조직 ‘BNI 어썸’, 3기 출범…""비즈니스 협업 활발하게 진행 중"""
1877,"""자치경찰제 시행 100일""…대구서 콘퍼런스 열려"
1878,"""재밌고 맛있어"" 편의점PB 잘 먹히네"
1879,"유진섭 정읍시장 ""인프라 강화로 관광 활성화… 지역 재정 선순환 이룰 것"""
1880,"""구 서울의료원부지에 공동주택 안돼"""
1881,"""가계대출 목표 맞추자""… 은행·상호금고 등 신규 대출 중단"
1882,"최태원, 美 그린 기업과 협력… ""넷제로 조기 달성"""
1883,"""혼인·출생 줄고 가사분담 늘고""… 통계로 보는 경북 여성의 삶"
1884,"울산 경제·노동계 ""일자리 4000개 창출"""
1885,"'서산 손도끼' 피해자父 ""아들, 팬티 입고 머리채 잡혀… 경찰수사 엉망"" 울분"
1886,"""나의 수치""…교황이 사과한 프랑스 교계 아동 성학대, 70년간 33만 명 피해"
1887,"홍준표 ""부적·항문침, 경선 ‘개콘’으로 희화화"""
1888,"김제덕 ""경쟁자 있어...최선 다하는 게 선수 목표"""
1889,"""휴"" ""비기면 감독 교체""…손흥민 나온 시리아전 해설 논란"
1890,"""기시다, 위안부합의 파기 맘은 안 좋지만 한·일 개선 나설 것"" [김현기의 직격인터뷰]"
1891,"‘2연승 도전’ 함정우 ""이번주도 ‘여친 퍼터’로…출발 좋다"""
1892,"[한명기의 한중일 삼국지] ""조선혼 어디갔나"" 500년 짝사랑 통탄한 권덕규"
1893,"가수 최성봉, 가짜 암 투병 의혹에... 진단서 공개 ""강경 대응할 것"""
1894,"홍준표 ""무속·부적·항문침, 참 추접스럽게 돌아가…경선 희화화 말라"" [이슈픽]"
1895,"WSJ ""미군, 대만서 최소 1년간 군사 훈련"""
1896,"인제군 ""미정착 군인 포함 지수 왜곡, 지역실상 외면"""
1897,"""강원 교통사고 다발구역 개선 보람… 경찰 인사권 신중히 고민"""
1898,"""자치경찰 법제 정비 과도기 진통 조기 해소해야"""
1899,"""골목길로 가달라"" 거부 이유 아버지뻘 택시기사 폭행한 '의사'"
1900,"울산 찾은 쉐이커 메타 국제로타리 회장, ""잘 가꿔진 국가정원 대숲 뷰티풀"""
1901,"""울산복합생태관광센터 현위치 접근·실효성 떨어져"""
1902,"울산 찾은 홍준표 ""20·30세대 지지 기반 승리 총력"""
1903,"50인 이상 기업 10곳중 7곳은 ""중대재해처벌법 준수 어렵다"""
1904,"""양산 물금역 KTX 정차 경제성 충분"""
1905,"""소방공무원 해마다 증가…교육시설 태부족"""
1906,"양산시의회 국힘당 의원들, ""임정섭 의장 사퇴·사과를"""
1907,"완패 인정한 시리아 감독 ""역시 손흥민…그는 경기를 지배했다"""
1908,"""인하한 적도 없으면서!"" 홍남기 양도세 중과 발언 뭇매"
1909,"""화이자 효과 6개월 안될수도"" 연구에 부스터샷도 고민"
1910,"""화이자 맞고 온몸에 붉은 반점 생긴 아버지…결국 생일 전날 사망"" 울분의 靑 청원"
1911,"美 CIA, 중국 미션센터 신설…""가장 중대한 위협"""
1912,"100세 獨 노인, 나치 전범으로 법정에… ""정의엔 공소시효 없어"""
1913,"""직장 복귀해도 모유 수유"" 이렇게 서약하라구요?"
1914,"[파워 인터뷰] ③ 전성배 IITP 원장 ""中견제하는 美와의 공동연구, 韓 6G 선도 발판"""
1915,"[행복농촌 만들기] ""마을 성과 사례가 다른 지역 발전의 불쏘시개 되기를"""
1916,"""차량용 반도체 부족사태, 내년 하반기 풀릴 것"""
1917,"2030 K-수소 비전 나왔다 ""글로벌 수소기업 30개, 일자리 5만개"""
1918,"양구 해안면 주민 ""개간비율 60% 이상 반영을"""
1919,"""의암호가 발 아래 짜릿"" 국내최장 로프웨이 '춘천 삼악산 호수케이블카'를 타다"
1920,"[폐광지역 미래비전 포럼] ""새 국면 맞은 폐광지역, 각종 정책 성과 주기적 점검 필요"""
1921,"""근무여건 적극 개선 호응"" ""권력형 집단 전락 우려"" 교차"
1922,"[국감중계석] ""부산은 박물관 세웠는데…춘천 우두지역 발굴 유물 덮어"""
1923,"류지현 감독 ""김현수 아들은 LG 복덩이"""
1924,"다이내믹 듀오 ""우린 뭐 하나 부족한 게 없다"""
1925,"""저금리 유지하면 소득 불평등 심화? 오만과 편견이다"""
1926,"""한국인은 근면 성실"" 축하일까 인종차별일까"
1927,"""까불고 살았는데 공로상 같아 좋다"""
1928,"변희수 전 하사 전역취소 판결, 법원 ""성전환 후 성별 인정해야"""
1929,"정은경 ""11월 9일 이후 단계적 일상회복 시작 가능"" 첫 언급"
1930,"""‘플러스 알파’ 검토 보고서 묵살""… ‘유원’일까 ‘유투’일까"
1931,"스웨덴·덴마크·핀란드 젊은층 모더나 접종 중단…""심장염 부작용 위험"""
1932,"""정부 믿고 맞았는데 나몰라라"" 백신 부작용 피해자 가족들, 국감서 성토"
1933,"남욱, 샌디에이고서 2주 전 목격…이웃 ""지난주말 종적 감춰"""
1934,"이발하러 대법원 갔다는 김만배, 대법 ""대법관 허락 있어야 출입 가능"""
1935,"참여연대·민변 ""화천대유, 상한제 미적용 2699억 더 챙겨"""
1936,"""캡틴 손흥민이 해결""...벤투호, 시리아에 극적인 승리"
1937,"친문단체 ""이재명, 변호사비 3억 줬다더니 20억 준 의혹"" 허위사실 공표 혐의 고발"
1938,"국민의힘 ""감사원, 아수라판 성남시 10년간 감사 안 했다"""
1939,"""음주운전자 장례식 무료로 치러드립니다"""
1940,"[포토] 문재인 대통령 ""청정수소 선도국가, 대한민국 핵심 미래전략으로"""
1941,"[2021 국감]""LH, 퇴직자에게 감정평가 전관특혜 줬다"""
1942,"[특별 인터뷰] 전현희 ""권익위는 경제 부처…청렴도 높이면 GDP·고용 늘어"""
1943,"[특별 인터뷰] 전현희 ""이해충돌방지법 있었다면 LH·대장동 사태 없었을 것"""
1944,"백현동, 정자동, 수내동 등 '분당의 분당'...""용도변경 후 귀신같이 고급단지로 둔갑"""
1945,"[사설]""대검이 억지로 (고발) 받은 것처럼"" 이 정도면 ‘조작’ 수준"
1946,"[사설] ""인플레·양극화·부채 돌멩이가 신발 속에 있다""는 경고"
1947,"[사설] 대장동 초과이익 환수 막은 게 ""박수 받을 일""인가"
1948,"""도시 간 네트워크로 어울려 사는 메타시티 필요"""
1949,"중기 10곳 중 6곳 ""중대재해처벌법 준수 어려워"""
1950,"""폐어구 재활용 다양한 제품 만들어야"""
1951,"북항 트램차량비 부산시 부담 검토…지역사회 ""비용 덤터기"" 반발"
1952,"한국 첫 우주SF 주역들 ""개봉 8개월 만에 관객 만나네요"""
1953,"""초유의 팬데믹 시대, 젊은 아시아 감독 새로운 시선 편견없이 볼 것"""
1954,"""이재명 구속상황 가능"" 이낙연의 입 독해졌다"
1955,"[2021 국감]고무줄 교습비에 성범죄 전력 미조회까지…""경각심 가져야"""
1956,"법원 ""고 변희수 전 하사 전역 처분 취소해야"""
1957,"충남의 의료사각지대 해소는 공공의대 설치 뿐"""
1958,"충북선 철도노선 변경 반대 비대위, ""충북선고속화사업 노선 원안 추진하라"""
1959,"[장성욱 단국대병원 권역외상센터장 인터뷰] ②""외상센터는 공공의 영역이다"""
1960,"옥천농협 외국산 바나나 판매에 농민들 ""누구를 위한 농협이냐"" 항의"
1961,"서산지역 '안전속도 5030' 민원 폭발...시 ""보행자 사고 다발지역"""
1962,"""애기봉평화공원, 남북평화 씨앗으로"""
1963,"""코로나로 취소된 도민체전, 파주서 다시 열게 해달라"""
1964,"예산 10월 가을 대표 축제·행사 11월로 연기...""지역경제 위해 개최키로"""
1965,"[문화] 고동환 작가 ""제 작품은 관객들이 와서 완성해줘야 합니다"""
1966,"[문화in, 문화人] 이수연 에듀케이터 ""마음 보듬어주는 교육 프로그램 기획하고파"""
1967,"""한국의 소프트파워, 위기 속 조명받아"""
1968,"""민간사업자 개발이익 추가 배당 중단·부당이득 환수해야"""
1969,"경인일보 창간 76주년 기념식 ""전 구성원 합심 '코로나 큰바위' 흔들자"""
1970,"윤석열 ""수도권매립지 2025년 종료 하겠다"""
1971,"""성남도시개발공사 설립은 '대장동 땅' 강제수용 목적"""
1972,"""주여, 불쌍히 여기소서"" 레지스탕스 삼손, 나치에 저항하다 [가을밤 수놓은 오페라]"
1973,"김범수 ""카카오택시 등 수수료 내릴 것"" [2021 국정감사]"
1974,"노벨 문학상에 '난민 소설가' 구르나 ""식민주의에 단호하고 연민 어린 통찰"""
1975,"[포토] KT ""건강관리, 키오스크로 간편하게"""
1976,"민주노총 ""20일 총파업에 나선다"" 강행 방침 재확인"
1977,"""인천 신항 배후단지 FTZ 지정"" 맹성규 의원, 해수부 국정감사서 주장"
1978,"[575돌 한글날] ""한국 문화 세계에 알리고파"" 한글 전도사 된 유학생들"
1979,"안철수, 경기도청 찾아 '대장동 의혹' 비판…""李 지사, 특검 받아야"""
1980,"전국대도시시장協 ""지방연구원 설립 기준 완화해야""…경기硏 무용론 '솔솔'"
1981,"[국감단신] 송석준 ""LH, 2015년 이후 경기·서울서 택지 조성해 5조 1천500억 차익"""
1982,"법원 ""민간사업자에게 1100억 지급하라"""
1983,"""인천이 수소경제 거점될것… 관련 기업 정부서 뒷받침"""
1984,"""경기도 도제학교, 근로자 신분도 최저임금도 보장 안돼"""
1985,"""창원을 ‘평생문화도시’로 만들어야"""
1986,"""2022 하동세계차엑스포 준비 총력"""
1987,"[포토] ""포항서 키운 바나나네"""
1988,"대장동 의혹 수사, 검찰 가속도… ""경찰 뭉개나"" 지적"
1989,"""컵 당번·선물 대접""… 공무원 조직 악습이 위기로 내몬다"
1990,"법원, ""성전환 故 변희수 전 하사 강제전역 부당… 법률상 여성"""
1991,"충청권 4개 시도지사 ""지방분권이 곧 국토균형발전"""
1992,"""정의로운 지식인들은 다 어디로 갔을까?"""
1993,"""엄마, 연필 1타는 몇 개야?"""
1994,"""집단지성 만들어가고파"""
1995,"""폐광지역 경제 회생 위한 제도적 기반 마련 촉구"""
1996,"""증평인삼 사러 가자"""
1997,"""충북선고속화사업 노선 변경… 강력 반대"""
1998,"""외로운 독산은 아직 봄을 보내지 못하였네"""
1999,"""내년 동남권 조선업 생산 증가세로 전환"""
2000,"""침체된 경남 벤처기업 활성화 적극 나설 것"""
2001,"""유치원생에게도 교육재난지원금"""
2002,"지역화폐 축소 소식에 국민청원까지 ""소상공인 외면 말라"""
2003,"""내년 극도로 쪼개지는 ‘나노사회’… X세대도 뜬다"""
2004,"""추가지원금, 나만 몰랐어?"" 삼성 폴더블폰 ‘7만5000원’ 더 싸진다!"
2005,"""자원봉사, 마을을 바꾸고 나를 바꾸는 힘"""
2006,"""밀양강변 환상 불빛쇼 가족과 즐겨요"""
2007,"""최악의 상황 전제 씁쓸"""
2008,"""생활민원 증가 진땀"""
2009,"""불행 중 다행"""
2010,"윤석열 ""인천 전통산업 디지털·스마트화하겠다"""
2011,"[인천시의회 의정24시-의정MIC] 행정안전위원회 강원모 시의원 ""무엇이 진짜 민생일까?"""
2012,"오영훈 ""119안심콜서비스 가입률 13년째 1%"""
2013,"""전문성·독립성 강화, 인사권 독립 핵심"""
2014,"""기후위기 대응 책임감은 선진국 필수 조건… 한국도 힘 모아야"""
2015,"""이대론 지속가능한 발전 힘들다… 낡은 법제도 혁신해야"""
2016,"""혼 담은 제주어, 길이길이 보전하세"""
2017,"""경제·국방력뿐 아니라 소프트파워도 선진국 반열"" 이구동성"
2018,"[꿈꾸는 경기교육] ""남양주에 온기를"" 천마중, 학생 주도형 봉사"
2019,"""기후위기 시대, 피할 수 없다면 대전환 이끌어야"""
2020,"[청렴칼럼] ""청렴 문화, 어릴 때부터 교육으로 풀어라"""
2021,"""선진 대한민국 미래는… 세계가 닮고 싶은 매력국가"""
2022,"""소프트파워 발전에 부합… 정치문화 한류 생겨나야"""
2023,"대출 조이기 영향?…경기도 아파트 거래절벽에도 ""더 오를 것"""
2024,"""한국, 국제 사회 속 책임성 강화하고 모범 보이는 게 중요"""
2025,"野 ""이재명, 현덕지구 타당성 부족에도 강행…제2 대장동"" [2021 국정감사]"
2026,"""앱 하나로 배달·택시 호출·쇼핑 기존고객 기반으로 '슈퍼앱' 진화""[제14회 유통혁신포럼]"
2027,"""직매입 구조로 판매자 부담 최소화 중소상공인 상생에 올해 4천억 투자""[제14회 유통혁신포럼]"
2028,"다인인베스트, 비트코인 분석자료 공개…""완전한 상승 전환으로 보기 어려워"""
2029,"""라임펀드 사태 재발 없도록 9000여개 상품 들여다볼것"" [2021 국정감사]"
2030,"권칠승 ""골목상권 들어온 플랫폼 엄격 규제"" [2021 국정감사]"
2031,"""지자체, 배상 대신 항소라니…"" 밀양세종병원 유족들 분통"
2032,"""분양가상한제 피한 화천대유, 2699억 더 챙겼다"""
2033,"법조계 ""대장동 의혹, 상설특검 도입해 수사해야"""
2034,"""영업제한 풀고 온전한 손실보상해달라"" 뿔난 자영업자, 20일 전국총궐기 예고"
2035,"경실련 ""SH, 건축비 거품… 13년간 2.5배 올라"""
2036,"""시민체감 높은 치안서비스 중점… 주민들도 정책 수립 참여""[인터뷰]"
2037,"세계로 뻗는 당근마켓 ""캐롯, 연내 해외거점 100개로 확대"""
2038,"""약 먹는 시간도 알려드려요"" 노인케어 인공지능 로봇 등장"
2039,"""모바일 통한 마케팅·소비 동시에 설득의 콘텐츠로 소비자 욕망 자극"" [제14회 유통혁신포럼]"
2040,"""온·오프라인 결합은 필수… 공정 거래환경 조성·상생 지원""[제14회 유통혁신포럼]"
2041,"""비대면 소비로 새벽배송 급증 물류센터 확대 전국 서비스 추진"" [제14회 유통혁신포럼]"
2042,"강문식 삼영엠텍 대표 ""친환경 선박 교체 발주 대폭 늘어날 것"" [코스닥 CEO 인터뷰]"
2043,"""니오·포드·GM, 떠오르는 전기차 종목"" [해외주식 인싸이트]"
2044,"IMF ""4분기 물가 정점 찍고 내년 중반 팬데믹 이전 회복"""
2045,"김웅 녹취록 공방… 與 ""검찰 정치개입"" vs. 野 ""새 내용 없다"""
2046,"""파괴적 커머스 시대, 데이터 경쟁으로 전환"" [제14회 유통혁신포럼]"
2047,"‘이재명 배임’ 언급한 설훈 ""후보 구속상황 올 수도"""
2048,"""위드코로나, 11월9일쯤 시작할 수 있을 것"""
2049,"기업 67% ""중대재해법 준수 어렵다"""
2050,"[fn 이사람] 박영재 토브앤바나 대표 ""AI가 척척… 맞춤형 화장품 플랫폼 만들 것"""
2051,"50주년 맞은 경희의료원 ""ESG 등 미래 비전 확보"""
2052,"신규 확진 또 2천명대…""11월9일 이후 단계적 일상회복 시작할 수도"""
2053,"""FC남동에게 희망을 뺏지 말라"" 거리로 나선 FC남동"
2054,"""경기도형 도제학교 참여 학생들, 최저임금 보장 등 법적 보호 못받아"""
2055,"서동철 수원 kt 소닉붐 감독, ""연고지 이전 첫 해 우승으로 팬 성원에 보답"""
2056,"""눈 화장 너무 짙게 하지 마세요"" 엄청난 통증 유발 위험[KISTI 과학향기]"
